freeze_mode,lr,exp,train_mode,epoch,loss,prec,recall
False,0.01,0,train,0,0.056495905,0.5804272013949433,0.5974280732345248
False,0.01,0,valid,0,1.0451648,0.55,0.5083333333333333
False,0.01,0,train,1,0.14751175,0.7022667829119442,0.6933304272013949
False,0.01,0,valid,1,0.8757331,0.415,0.4033333333333333
False,0.01,0,train,2,0.016721953,0.7033565823888405,0.6972537053182214
False,0.01,0,valid,2,1.2649616,0.49333333333333335,0.485
False,0.01,0,train,3,0.023029521,0.7059721011333915,0.6989973844812555
False,0.01,0,valid,3,1.633168,0.5466666666666666,0.5166666666666667
False,0.01,0,train,4,0.034005146,0.7046643417611159,0.7009590235396687
False,0.01,0,valid,4,1.4242964,0.495,0.5333333333333333
False,0.01,0,train,5,0.045361023,0.7051002615518744,0.7013949433304272
False,0.01,0,valid,5,1.0852127,0.45166666666666666,0.49666666666666665
False,0.01,0,train,6,0.01948508,0.7051002615518744,0.7042284219703574
False,0.01,0,valid,6,1.7800359,0.5533333333333333,0.505
False,0.01,0,train,7,0.0097115915,0.7059721011333915,0.702920662598082
False,0.01,0,valid,7,1.6154295,0.495,0.4716666666666667
False,0.01,0,train,8,0.0068733157,0.705536181342633,0.7042284219703574
False,0.01,0,valid,8,1.270902,0.4766666666666667,0.43833333333333335
False,0.01,0,train,9,0.0013270556,0.7053182214472538,0.7042284219703574
False,0.01,0,valid,9,1.7142539,0.5333333333333333,0.49833333333333335
False,0.01,0,train,10,0.005703563,0.7066259808195292,0.7048823016564952
False,0.01,0,valid,10,1.7263021,0.515,0.52
False,0.01,0,train,11,0.013357652,0.7066259808195292,0.7046643417611159
False,0.01,0,valid,11,1.6338409,0.4716666666666667,0.5266666666666666
False,0.01,0,train,12,0.03142205,0.7057541412380122,0.7035745422842197
False,0.01,0,valid,12,1.7316855,0.5316666666666666,0.5183333333333333
False,0.01,0,train,13,0.014474345,0.7051002615518744,0.7027027027027027
False,0.01,0,valid,13,2.2958486,0.5,0.5166666666666667
False,0.01,0,train,14,0.007499516,0.7048823016564952,0.7033565823888405
False,0.01,0,valid,14,1.9893609,0.49833333333333335,0.48
False,0.01,1,train,0,0.100532375,0.5878378378378378,0.5758500435919791
False,0.01,1,valid,0,1.173671,0.5616666666666666,0.5216666666666666
False,0.01,1,train,1,0.07269407,0.6981255448997384,0.6848299912816042
False,0.01,1,valid,1,1.0707034,0.5066666666666667,0.48
False,0.01,1,train,2,0.07202085,0.7016129032258065,0.6920226678291195
False,0.01,1,valid,2,1.3480879,0.5233333333333333,0.5566666666666666
False,0.01,1,train,3,0.03807912,0.7024847428073234,0.6920226678291195
False,0.01,1,valid,3,1.0659984,0.5416666666666666,0.5183333333333333
False,0.01,1,train,4,0.009695667,0.7044463818657367,0.6965998256320837
False,0.01,1,valid,4,1.1574161,0.5516666666666666,0.5233333333333333
False,0.01,1,train,5,0.022854805,0.7031386224934612,0.6974716652136007
False,0.01,1,valid,5,1.9442929,0.555,0.5316666666666666
False,0.01,1,train,6,0.026461588,0.7040104620749782,0.7018308631211857
False,0.01,1,valid,6,1.0968575,0.495,0.5133333333333333
False,0.01,1,train,7,0.027859444,0.7048823016564952,0.7022667829119442
False,0.01,1,valid,7,1.8452711,0.535,0.55
False,0.01,1,train,8,0.008893222,0.7040104620749782,0.701176983435048
False,0.01,1,valid,8,1.2058136,0.5,0.5133333333333333
False,0.01,1,train,9,0.0027391722,0.705536181342633,0.702920662598082
False,0.01,1,valid,9,2.063315,0.555,0.5333333333333333
False,0.01,1,train,10,0.011202728,0.7035745422842197,0.7031386224934612
False,0.01,1,valid,10,1.406604,0.5433333333333333,0.5016666666666667
False,0.01,1,train,11,0.0076178396,0.7053182214472538,0.7033565823888405
False,0.01,1,valid,11,1.8955357,0.49833333333333335,0.5316666666666666
False,0.01,1,train,12,0.017458944,0.7048823016564952,0.703792502179599
False,0.01,1,valid,12,1.5727586,0.5233333333333333,0.5266666666666666
False,0.01,1,train,13,0.032163374,0.7051002615518744,0.703792502179599
False,0.01,1,valid,13,1.2763268,0.5283333333333333,0.49166666666666664
False,0.01,1,train,14,0.01010965,0.7044463818657367,0.701176983435048
False,0.01,1,valid,14,1.8173639,0.54,0.55
False,0.01,2,train,0,0.039274067,0.5845684394071491,0.5819529206625981
False,0.01,2,valid,0,0.9023964,0.31,0.2816666666666667
False,0.01,2,train,1,0.053415067,0.7020488230165649,0.6944202266782912
False,0.01,2,valid,1,1.5143527,0.5533333333333333,0.505
False,0.01,2,train,2,0.023466613,0.7044463818657367,0.6996512641673932
False,0.01,2,valid,2,1.2930139,0.4683333333333333,0.4483333333333333
False,0.01,2,train,3,0.032117832,0.7044463818657367,0.6983435047951178
False,0.01,2,valid,3,1.6851467,0.5183333333333333,0.5683333333333334
False,0.01,2,train,4,0.008636346,0.7040104620749782,0.7024847428073234
False,0.01,2,valid,4,1.5874873,0.5666666666666667,0.5183333333333333
False,0.01,2,train,5,0.013801275,0.7046643417611159,0.7013949433304272
False,0.01,2,valid,5,1.4081129,0.525,0.5133333333333333
False,0.01,2,train,6,0.014506347,0.7048823016564952,0.7018308631211857
False,0.01,2,valid,6,1.302579,0.49833333333333335,0.5066666666666667
False,0.01,2,train,7,0.008951536,0.705536181342633,0.7048823016564952
False,0.01,2,valid,7,1.514929,0.52,0.47333333333333333
False,0.01,2,train,8,0.0026257518,0.70640802092415,0.705536181342633
False,0.01,2,valid,8,1.6821669,0.56,0.5333333333333333
False,0.01,2,train,9,0.005771616,0.70640802092415,0.7051002615518744
False,0.01,2,valid,9,1.6754591,0.545,0.545
False,0.01,2,train,10,0.0015056693,0.70640802092415,0.705536181342633
False,0.01,2,valid,10,1.513515,0.5433333333333333,0.5266666666666666
False,0.01,2,train,11,0.0057394044,0.7061900610287707,0.7053182214472538
False,0.01,2,valid,11,1.4666709,0.51,0.525
False,0.01,2,train,12,0.010131717,0.7066259808195292,0.7051002615518744
False,0.01,2,valid,12,1.5337977,0.5433333333333333,0.53
False,0.01,2,train,13,0.0014033668,0.7061900610287707,0.705536181342633
False,0.01,2,valid,13,1.4116654,0.5366666666666666,0.5183333333333333
False,0.01,2,train,14,0.004707435,0.70640802092415,0.7057541412380122
False,0.01,2,valid,14,1.6741332,0.535,0.525
False,0.001,0,train,0,0.21151789,0.6009154315605929,0.5481691368788143
False,0.001,0,valid,0,0.69091964,0.53,0.4666666666666667
False,0.001,0,train,1,0.08984502,0.6946381865736705,0.6678291194420227
False,0.001,0,valid,1,0.8119334,0.5766666666666667,0.5233333333333333
False,0.001,0,train,2,0.12776911,0.7005231037489102,0.6859197907585004
False,0.001,0,valid,2,0.86657655,0.53,0.49
False,0.001,0,train,3,0.08390863,0.7024847428073234,0.6911508282476024
False,0.001,0,valid,3,0.890827,0.56,0.5033333333333333
False,0.001,0,train,4,0.051079325,0.7033565823888405,0.6902789886660854
False,0.001,0,valid,4,0.8407101,0.5366666666666666,0.5016666666666667
False,0.001,0,train,5,0.109111294,0.7027027027027027,0.6946381865736705
False,0.001,0,valid,5,0.897049,0.535,0.5116666666666667
False,0.001,0,train,6,0.026154287,0.703792502179599,0.6989973844812555
False,0.001,0,valid,6,0.87472105,0.5466666666666666,0.525
False,0.001,0,train,7,0.09998105,0.7044463818657367,0.6974716652136007
False,0.001,0,valid,7,0.8760446,0.5533333333333333,0.515
False,0.001,0,train,8,0.039527398,0.7048823016564952,0.6979075850043592
False,0.001,0,valid,8,0.9432016,0.5566666666666666,0.5183333333333333
False,0.001,0,train,9,0.019298552,0.7046643417611159,0.7003051438535309
False,0.001,0,valid,9,1.0088592,0.515,0.49333333333333335
False,0.001,0,train,10,0.07256046,0.7051002615518744,0.7000871839581517
False,0.001,0,valid,10,1.0567602,0.5516666666666666,0.5333333333333333
False,0.001,0,train,11,0.050270364,0.7048823016564952,0.7005231037489102
False,0.001,0,valid,11,0.9119309,0.555,0.5383333333333333
False,0.001,0,train,12,0.029348219,0.7057541412380122,0.7033565823888405
False,0.001,0,valid,12,0.9443782,0.5616666666666666,0.5216666666666666
False,0.001,0,train,13,0.031692605,0.7059721011333915,0.7027027027027027
False,0.001,0,valid,13,1.089208,0.56,0.5133333333333333
False,0.001,0,train,14,0.015413932,0.7059721011333915,0.7031386224934612
False,0.001,0,valid,14,1.0065658,0.5433333333333333,0.5283333333333333
False,0.001,1,train,0,0.1983267,0.6076721883173496,0.5547079337401918
False,0.001,1,valid,0,0.71606994,0.5233333333333333,0.47
False,0.001,1,train,1,0.11603031,0.6952920662598082,0.6700087183958152
False,0.001,1,valid,1,0.6776566,0.5366666666666666,0.48833333333333334
False,0.001,1,train,2,0.088101305,0.7018308631211857,0.6878814298169137
False,0.001,1,valid,2,0.78761154,0.5433333333333333,0.5133333333333333
False,0.001,1,train,3,0.08422613,0.703792502179599,0.6891891891891891
False,0.001,1,valid,3,0.98230624,0.55,0.49833333333333335
False,0.001,1,train,4,0.037061993,0.7042284219703574,0.6926765475152572
False,0.001,1,valid,4,0.7863392,0.52,0.5083333333333333
False,0.001,1,train,5,0.050920527,0.7053182214472538,0.6979075850043592
False,0.001,1,valid,5,0.9703957,0.5566666666666666,0.5066666666666667
False,0.001,1,train,6,0.05425086,0.7051002615518744,0.6948561464690497
False,0.001,1,valid,6,0.914843,0.5583333333333333,0.5183333333333333
False,0.001,1,train,7,0.042960014,0.7057541412380122,0.6989973844812555
False,0.001,1,valid,7,1.1202505,0.5516666666666666,0.5316666666666666
False,0.001,1,train,8,0.03648742,0.7053182214472538,0.6998692240627724
False,0.001,1,valid,8,0.917116,0.5083333333333333,0.5066666666666667
False,0.001,1,train,9,0.011814311,0.705536181342633,0.7020488230165649
False,0.001,1,valid,9,0.80797553,0.5333333333333333,0.495
False,0.001,1,train,10,0.011023835,0.70640802092415,0.7035745422842197
False,0.001,1,valid,10,0.97084993,0.525,0.51
False,0.001,1,train,11,0.02484672,0.7059721011333915,0.703792502179599
False,0.001,1,valid,11,1.11994,0.5316666666666666,0.5083333333333333
False,0.001,1,train,12,0.017465888,0.7066259808195292,0.7033565823888405
False,0.001,1,valid,12,1.0303056,0.5433333333333333,0.5066666666666667
False,0.001,1,train,13,0.013289714,0.7061900610287707,0.7044463818657367
False,0.001,1,valid,13,0.99620014,0.53,0.49666666666666665
False,0.001,1,train,14,0.01492105,0.7059721011333915,0.7048823016564952
False,0.001,1,valid,14,1.1524453,0.5616666666666666,0.525
False,0.001,2,train,0,0.30802327,0.5841325196163906,0.5355274629468177
False,0.001,2,valid,0,0.66535294,0.5133333333333333,0.4533333333333333
False,0.001,2,train,1,0.10429395,0.6920226678291195,0.6684829991281604
False,0.001,2,valid,1,0.7589022,0.515,0.47333333333333333
False,0.001,2,train,2,0.08147569,0.703792502179599,0.6870095902353966
False,0.001,2,valid,2,0.86027944,0.5566666666666666,0.5066666666666667
False,0.001,2,train,3,0.048677657,0.7048823016564952,0.6931124673060157
False,0.001,2,valid,3,0.90264094,0.5516666666666666,0.49833333333333335
False,0.001,2,train,4,0.07965331,0.7053182214472538,0.6957279860505667
False,0.001,2,valid,4,1.0570188,0.5783333333333334,0.5216666666666666
False,0.001,2,train,5,0.07270685,0.703792502179599,0.6944202266782912
False,0.001,2,valid,5,0.99878496,0.5383333333333333,0.5016666666666667
False,0.001,2,train,6,0.02872606,0.7057541412380122,0.6974716652136007
False,0.001,2,valid,6,1.0477295,0.5683333333333334,0.5216666666666666
False,0.001,2,train,7,0.03347966,0.7046643417611159,0.6987794245858762
False,0.001,2,valid,7,0.8304582,0.5666666666666667,0.51
False,0.001,2,train,8,0.036151048,0.7051002615518744,0.7007410636442895
False,0.001,2,valid,8,0.9189143,0.5666666666666667,0.525
False,0.001,2,train,9,0.048685044,0.7061900610287707,0.7013949433304272
False,0.001,2,valid,9,1.0370954,0.5416666666666666,0.51
False,0.001,2,train,10,0.021103624,0.705536181342633,0.7024847428073234
False,0.001,2,valid,10,1.000718,0.5516666666666666,0.535
False,0.001,2,train,11,0.0068134777,0.70640802092415,0.705536181342633
False,0.001,2,valid,11,0.691344,0.5366666666666666,0.495
False,0.001,2,train,12,0.016902441,0.7059721011333915,0.7044463818657367
False,0.001,2,valid,12,1.1263615,0.545,0.5116666666666667
False,0.001,2,train,13,0.015461318,0.7057541412380122,0.7044463818657367
False,0.001,2,valid,13,1.2548056,0.5483333333333333,0.5183333333333333
False,0.001,2,train,14,0.01611268,0.7061900610287707,0.7046643417611159
False,0.001,2,valid,14,1.009235,0.525,0.505
True,0.01,0,train,0,0.29189315,0.5287707061900611,0.4683958151700087
True,0.01,0,valid,0,2.7761302,0.5266666666666666,0.47
True,0.01,0,train,1,0.23885258,0.5649520488230165,0.5137314734088928
True,0.01,0,valid,1,1.8782231,0.34,0.30333333333333334
True,0.01,0,train,2,0.72349805,0.5673496076721883,0.5
True,0.01,0,valid,2,2.2343385,0.15666666666666668,0.14
True,0.01,0,train,3,0.69364405,0.5564516129032258,0.49106364428945076
True,0.01,0,valid,3,2.822892,0.23833333333333334,0.225
True,0.01,0,train,4,0.39903054,0.555797733217088,0.49455100261551876
True,0.01,0,valid,4,2.7189097,0.29833333333333334,0.31333333333333335
True,0.01,0,train,5,0.33503953,0.5839145597210114,0.5126416739319966
True,0.01,0,valid,5,2.7884998,0.30666666666666664,0.27666666666666667
True,0.01,0,train,6,0.19047387,0.5847863993025283,0.5132955536181343
True,0.01,0,valid,6,2.2566817,0.325,0.2966666666666667
True,0.01,0,train,7,0.3269772,0.5823888404533566,0.5159110723626853
True,0.01,0,valid,7,2.5384831,0.35833333333333334,0.36
True,0.01,0,train,8,0.35689434,0.5799912816041848,0.5143853530950305
True,0.01,0,valid,8,2.1955893,0.195,0.19
True,0.01,0,train,9,0.28943437,0.5754141238012206,0.519180470793374
True,0.01,0,valid,9,2.1502905,0.29333333333333333,0.2683333333333333
True,0.01,0,train,10,0.24512935,0.574106364428945,0.5316041848299913
True,0.01,0,valid,10,2.3208625,0.23166666666666666,0.22833333333333333
True,0.01,0,train,11,0.111854024,0.6002615518744551,0.5765039232781168
True,0.01,0,valid,11,4.149061,0.37,0.405
True,0.01,0,train,12,0.09871163,0.6756756756756757,0.6656495204882301
True,0.01,0,valid,12,5.0635448,0.31333333333333335,0.3516666666666667
True,0.01,0,train,13,0.006449491,0.7061900610287707,0.701176983435048
True,0.01,0,valid,13,7.5680585,0.43833333333333335,0.49166666666666664
True,0.01,0,train,14,0.093867905,0.6961639058413251,0.6887532693984307
True,0.01,0,valid,14,2.748075,0.43166666666666664,0.43166666666666664
True,0.01,1,train,0,0.43022028,0.5137314734088928,0.4609851787271142
True,0.01,1,valid,0,2.9912431,0.36666666666666664,0.33666666666666667
True,0.01,1,train,1,0.33204693,0.5621185701830863,0.509590235396687
True,0.01,1,valid,1,1.3899715,0.415,0.4066666666666667
True,0.01,1,train,2,0.26491207,0.5704010462074979,0.5468613775065388
True,0.01,1,valid,2,2.4514518,0.38,0.4166666666666667
True,0.01,1,train,3,0.28146368,0.5817349607672189,0.5335658238884046
True,0.01,1,valid,3,2.514549,0.48,0.4266666666666667
True,0.01,1,train,4,0.2900593,0.5819529206625981,0.514821272885789
True,0.01,1,valid,4,2.838266,0.42333333333333334,0.3933333333333333
True,0.01,1,train,5,0.25310495,0.5937227550130776,0.5544899738448126
True,0.01,1,valid,5,2.5349247,0.37833333333333335,0.36666666666666664
True,0.01,1,train,6,0.13399337,0.6800348735832606,0.6602005231037489
True,0.01,1,valid,6,5.2234817,0.37,0.365
True,0.01,1,train,7,0.05721064,0.6959459459459459,0.6854838709677419
True,0.01,1,valid,7,5.0373397,0.325,0.38666666666666666
True,0.01,1,train,8,0.28066686,0.6870095902353966,0.6813426329555362
True,0.01,1,valid,8,3.4181926,0.39166666666666666,0.40166666666666667
True,0.01,1,train,9,0.06445636,0.6769834350479512,0.6621621621621622
True,0.01,1,valid,9,4.450407,0.49166666666666664,0.5416666666666666
True,0.01,1,train,10,0.17104207,0.6963818657367045,0.6824324324324325
True,0.01,1,valid,10,5.894523,0.4633333333333333,0.5116666666666667
True,0.01,1,train,11,0.07953933,0.6979075850043592,0.6837401918047079
True,0.01,1,valid,11,5.2734084,0.4266666666666667,0.49333333333333335
True,0.01,1,train,12,0.016936867,0.7033565823888405,0.689843068875327
True,0.01,1,valid,12,7.109041,0.45166666666666666,0.5366666666666666
True,0.01,1,train,13,0.15349519,0.7046643417611159,0.6998692240627724
True,0.01,1,valid,13,8.502064,0.4266666666666667,0.5033333333333333
True,0.01,1,train,14,0.19765659,0.6501743679163035,0.6390584132519617
True,0.01,1,valid,14,1.5983969,0.285,0.32
True,0.01,2,train,0,0.29859853,0.46469049694856146,0.43047079337401917
True,0.01,2,valid,0,3.5621703,0.32666666666666666,0.29333333333333333
True,0.01,2,train,1,0.33365268,0.5727986050566696,0.507846556233653
True,0.01,2,valid,1,2.8743165,0.5166666666666667,0.4666666666666667
True,0.01,2,train,2,0.2772436,0.5845684394071491,0.5152571926765476
True,0.01,2,valid,2,2.9154828,0.47,0.4266666666666667
True,0.01,2,train,3,0.39453605,0.5751961639058413,0.5178727114210985
True,0.01,2,valid,3,1.8632511,0.5133333333333333,0.45666666666666667
True,0.01,2,train,4,0.30401996,0.5802092414995641,0.5176547515257193
True,0.01,2,valid,4,1.8734,0.5033333333333333,0.45
True,0.01,2,train,5,0.11611738,0.5793374019180471,0.5492589363557105
True,0.01,2,valid,5,2.5065527,0.4033333333333333,0.3983333333333333
True,0.01,2,train,6,0.30308685,0.5690932868352223,0.5479511769834351
True,0.01,2,valid,6,3.5988843,0.31166666666666665,0.3566666666666667
True,0.01,2,train,7,0.18273878,0.5812990409764603,0.5573234524847428
True,0.01,2,valid,7,3.6929977,0.45,0.44166666666666665
True,0.01,2,train,8,0.17075126,0.6200959023539668,0.6085440278988666
True,0.01,2,valid,8,2.55086,0.43333333333333335,0.4866666666666667
True,0.01,2,train,9,0.28925824,0.6536617262423714,0.6447253705318221
True,0.01,2,valid,9,5.399878,0.49,0.5216666666666666
True,0.01,2,train,10,0.21597968,0.6909328683522232,0.6743679163034002
True,0.01,2,valid,10,3.3614066,0.44166666666666665,0.49666666666666665
True,0.01,2,train,11,0.010615755,0.689843068875327,0.6850479511769835
True,0.01,2,valid,11,4.6724052,0.25,0.295
True,0.01,2,train,12,0.06062443,0.7051002615518744,0.7022667829119442
True,0.01,2,valid,12,6.3379664,0.2683333333333333,0.335
True,0.01,2,train,13,0.0010200287,0.7048823016564952,0.7046643417611159
True,0.01,2,valid,13,6.3345037,0.31833333333333336,0.395
True,0.01,2,train,14,0.06819226,0.7053182214472538,0.7046643417611159
True,0.01,2,valid,14,7.9338384,0.275,0.33666666666666667
True,0.001,0,train,0,0.03617869,0.6606364428945074,0.6445074106364429
True,0.001,0,valid,0,1.8048185,0.42833333333333334,0.43833333333333335
True,0.001,0,train,1,0.0064223795,0.701176983435048,0.6981255448997384
True,0.001,0,valid,1,2.8230236,0.38,0.38166666666666665
True,0.001,0,train,2,0.013244562,0.7048823016564952,0.7018308631211857
True,0.001,0,valid,2,3.1247985,0.37833333333333335,0.38166666666666665
True,0.001,0,train,3,0.030052066,0.7033565823888405,0.6959459459459459
True,0.001,0,valid,3,3.485483,0.375,0.37333333333333335
True,0.001,0,train,4,0.003863417,0.7044463818657367,0.701176983435048
True,0.001,0,valid,4,3.6548114,0.43,0.45666666666666667
True,0.001,0,train,5,0.045389477,0.7066259808195292,0.7048823016564952
True,0.001,0,valid,5,3.5955765,0.44166666666666665,0.4766666666666667
True,0.001,0,train,6,0.043937992,0.7061900610287707,0.705536181342633
True,0.001,0,valid,6,3.5817063,0.365,0.3933333333333333
True,0.001,0,train,7,0.009481098,0.705536181342633,0.7035745422842197
True,0.001,0,valid,7,4.147811,0.38333333333333336,0.4166666666666667
True,0.001,0,train,8,0.03328597,0.7035745422842197,0.7009590235396687
True,0.001,0,valid,8,3.5273254,0.42333333333333334,0.495
True,0.001,0,train,9,0.020456742,0.7005231037489102,0.6970357454228422
True,0.001,0,valid,9,2.4816134,0.39166666666666666,0.435
True,0.001,0,train,10,0.01846819,0.7044463818657367,0.7018308631211857
True,0.001,0,valid,10,3.3888845,0.3283333333333333,0.345
True,0.001,0,train,11,0.0021330027,0.7057541412380122,0.7031386224934612
True,0.001,0,valid,11,3.4836662,0.43,0.49833333333333335
True,0.001,0,train,12,0.001171488,0.7066259808195292,0.705536181342633
True,0.001,0,valid,12,3.4643643,0.4216666666666667,0.49166666666666664
True,0.001,0,train,13,0.0006254955,0.7066259808195292,0.7059721011333915
True,0.001,0,valid,13,2.6042228,0.45,0.5083333333333333
True,0.001,0,train,14,0.0009352054,0.70640802092415,0.7059721011333915
True,0.001,0,valid,14,3.3456974,0.43,0.49166666666666664
True,0.001,1,train,0,0.024281695,0.6549694856146469,0.6327375762859634
True,0.001,1,valid,0,2.260275,0.36666666666666664,0.405
True,0.001,1,train,1,0.019562056,0.7044463818657367,0.6998692240627724
True,0.001,1,valid,1,2.943521,0.35,0.4116666666666667
True,0.001,1,train,2,0.05916041,0.7031386224934612,0.7003051438535309
True,0.001,1,valid,2,2.3651166,0.3883333333333333,0.455
True,0.001,1,train,3,0.019540926,0.7040104620749782,0.7013949433304272
True,0.001,1,valid,3,2.8624275,0.435,0.495
True,0.001,1,train,4,0.0015493832,0.7059721011333915,0.7048823016564952
True,0.001,1,valid,4,3.366502,0.39166666666666666,0.4533333333333333
True,0.001,1,train,5,0.0035114957,0.7053182214472538,0.7027027027027027
True,0.001,1,valid,5,2.9984915,0.43666666666666665,0.43833333333333335
True,0.001,1,train,6,0.0027171103,0.705536181342633,0.7046643417611159
True,0.001,1,valid,6,3.9297247,0.425,0.4866666666666667
True,0.001,1,train,7,0.0025713101,0.7059721011333915,0.7046643417611159
True,0.001,1,valid,7,3.4873905,0.39666666666666667,0.5033333333333333
True,0.001,1,train,8,0.0050592655,0.7057541412380122,0.7044463818657367
True,0.001,1,valid,8,3.7287493,0.42333333333333334,0.5166666666666667
True,0.001,1,train,9,0.004491779,0.702920662598082,0.7031386224934612
True,0.001,1,valid,9,4.4420524,0.37833333333333335,0.37833333333333335
True,0.001,1,train,10,0.006843819,0.7059721011333915,0.7040104620749782
True,0.001,1,valid,10,3.9204998,0.37,0.37
True,0.001,1,train,11,0.034159057,0.7053182214472538,0.703792502179599
True,0.001,1,valid,11,4.0625515,0.37166666666666665,0.35833333333333334
True,0.001,1,train,12,0.0015175064,0.7066259808195292,0.7042284219703574
True,0.001,1,valid,12,4.220178,0.43666666666666665,0.42333333333333334
True,0.001,1,train,13,0.00042311405,0.7066259808195292,0.705536181342633
True,0.001,1,valid,13,4.558363,0.435,0.4533333333333333
True,0.001,1,train,14,0.001681491,0.6970357454228422,0.6965998256320837
True,0.001,1,valid,14,4.445218,0.38666666666666666,0.40166666666666667
True,0.001,2,train,0,0.018737553,0.6798169136878814,0.6697907585004359
True,0.001,2,valid,0,2.3784235,0.4716666666666667,0.47333333333333333
True,0.001,2,train,1,0.006072072,0.7033565823888405,0.7018308631211857
True,0.001,2,valid,1,3.3051083,0.425,0.4533333333333333
True,0.001,2,train,2,0.005176828,0.7040104620749782,0.7031386224934612
True,0.001,2,valid,2,3.6901531,0.3433333333333333,0.36666666666666664
True,0.001,2,train,3,0.032468934,0.7051002615518744,0.703792502179599
True,0.001,2,valid,3,3.5225482,0.37666666666666665,0.42333333333333334
True,0.001,2,train,4,0.008419597,0.6955100261551874,0.6931124673060157
True,0.001,2,valid,4,3.2478232,0.4,0.4216666666666667
True,0.001,2,train,5,0.0012078021,0.7048823016564952,0.7033565823888405
True,0.001,2,valid,5,2.838152,0.43333333333333335,0.4533333333333333
True,0.001,2,train,6,0.0074386783,0.7044463818657367,0.7016129032258065
True,0.001,2,valid,6,3.8214579,0.38666666666666666,0.455
True,0.001,2,train,7,0.03725282,0.7040104620749782,0.7020488230165649
True,0.001,2,valid,7,3.73748,0.39,0.3933333333333333
True,0.001,2,train,8,0.0014959704,0.7057541412380122,0.7044463818657367
True,0.001,2,valid,8,3.6672761,0.38333333333333336,0.4266666666666667
True,0.001,2,train,9,0.005488386,0.7061900610287707,0.7048823016564952
True,0.001,2,valid,9,3.958049,0.395,0.45
True,0.001,2,train,10,0.0004664463,0.7059721011333915,0.705536181342633
True,0.001,2,valid,10,4.707576,0.38,0.44
True,0.001,2,train,11,0.0004572456,0.7066259808195292,0.7061900610287707
True,0.001,2,valid,11,5.247389,0.38666666666666666,0.46166666666666667
True,0.001,2,train,12,0.00016779681,0.70640802092415,0.70640802092415
True,0.001,2,valid,12,5.274904,0.375,0.4633333333333333
True,0.001,2,train,13,0.0019087411,0.70640802092415,0.7059721011333915
True,0.001,2,valid,13,5.6455984,0.3883333333333333,0.4066666666666667
True,0.001,2,train,14,0.09872542,0.7057541412380122,0.70640802092415
True,0.001,2,valid,14,5.3502517,0.375,0.39666666666666667
False,0.01,0,train,0,0.957683,0.39690496948561466,0.3888404533565824
False,0.01,0,valid,0,0.754921,0.12666666666666668,0.115
False,0.01,0,train,1,0.6145375,0.43112467306015695,0.39123801220575416
False,0.01,0,valid,1,0.636129,0.49833333333333335,0.4483333333333333
False,0.01,0,train,2,0.56496066,0.47253705318221445,0.4335222319093287
False,0.01,0,valid,2,0.59652144,0.31,0.2833333333333333
False,0.01,0,train,3,0.5970207,0.4657802964254577,0.4239319965126417
False,0.01,0,valid,3,0.61063313,0.3933333333333333,0.3616666666666667
False,0.01,0,train,4,0.46718502,0.45727986050566694,0.4176111595466434
False,0.01,0,valid,4,0.7971485,0.5533333333333333,0.5516666666666666
False,0.01,0,train,5,0.5936599,0.4775501307759372,0.44311246730601567
False,0.01,0,valid,5,0.62855065,0.4683333333333333,0.4633333333333333
False,0.01,0,train,6,0.6615513,0.4923714036617262,0.45989537925021795
False,0.01,0,valid,6,0.7599882,0.24666666666666667,0.22666666666666666
False,0.01,0,train,7,0.45888552,0.49411508282476024,0.4566259808195292
False,0.01,0,valid,7,0.6839564,0.4766666666666667,0.425
False,0.01,0,train,8,0.55243045,0.49476896251089797,0.46425457715780294
False,0.01,0,valid,8,0.6747073,0.285,0.2683333333333333
False,0.01,0,train,9,0.4931331,0.48583260680034873,0.46469049694856146
False,0.01,0,valid,9,0.6516584,0.47833333333333333,0.47333333333333333
False,0.01,0,train,10,0.59908307,0.516564952048823,0.49149956408020923
False,0.01,0,valid,10,0.56901336,0.45,0.4083333333333333
False,0.01,0,train,11,0.4972546,0.497384481255449,0.4742807323452485
False,0.01,0,valid,11,0.78657854,0.48833333333333334,0.5866666666666667
False,0.01,0,train,12,0.5149172,0.5019616390584133,0.49280732345248474
False,0.01,0,valid,12,0.9260635,0.5033333333333333,0.45166666666666666
False,0.01,0,train,13,0.48224485,0.5141673931996512,0.49476896251089797
False,0.01,0,valid,13,0.71349835,0.3616666666666667,0.3566666666666667
False,0.01,0,train,14,0.54361904,0.49760244115082825,0.48757628596338276
False,0.01,0,valid,14,0.7575923,0.36833333333333335,0.33666666666666667
False,0.01,1,train,0,0.66646504,0.4134699215344377,0.37728857890148215
False,0.01,1,valid,0,0.6731644,0.3883333333333333,0.4033333333333333
False,0.01,1,train,1,0.6634604,0.4439843068875327,0.41238012205754143
False,0.01,1,valid,1,0.61352795,0.5233333333333333,0.4633333333333333
False,0.01,1,train,2,0.62179077,0.46033129904097647,0.4274193548387097
False,0.01,1,valid,2,0.5788041,0.27666666666666667,0.24833333333333332
False,0.01,1,train,3,0.5145085,0.483435047951177,0.4474716652136007
False,0.01,1,valid,3,0.6143935,0.37833333333333335,0.3416666666666667
False,0.01,1,train,4,0.51443136,0.4657802964254577,0.4282911944202267
False,0.01,1,valid,4,0.6123446,0.5066666666666667,0.45666666666666667
False,0.01,1,train,5,0.5590838,0.46817785527462946,0.43395815170008717
False,0.01,1,valid,5,0.4929682,0.36333333333333334,0.33
False,0.01,1,train,6,0.7863966,0.4705754141238012,0.44856146469049696
False,0.01,1,valid,6,0.61065537,0.4216666666666667,0.37833333333333335
False,0.01,1,train,7,0.49894306,0.4714472537053182,0.4513949433304272
False,0.01,1,valid,7,0.7228108,0.4583333333333333,0.4216666666666667
False,0.01,1,train,8,0.51641023,0.49324324324324326,0.4679598953792502
False,0.01,1,valid,8,0.6531716,0.4166666666666667,0.4583333333333333
False,0.01,1,train,9,0.64351386,0.4986922406277245,0.4775501307759372
False,0.01,1,valid,9,0.68652374,0.4166666666666667,0.37666666666666665
False,0.01,1,train,10,0.59130037,0.47515257192676547,0.4561900610287707
False,0.01,1,valid,10,0.6919258,0.555,0.585
False,0.01,1,train,11,0.56012225,0.506102877070619,0.48430688753269396
False,0.01,1,valid,11,0.62894326,0.44166666666666665,0.4216666666666667
False,0.01,1,train,12,0.6016881,0.5023975588491717,0.4810374891020052
False,0.01,1,valid,12,0.6834658,0.435,0.4083333333333333
False,0.01,1,train,13,0.58291614,0.5222319093286836,0.4978204010462075
False,0.01,1,valid,13,0.75006056,0.3383333333333333,0.31166666666666665
False,0.01,1,train,14,0.56014013,0.521795989537925,0.5013077593722755
False,0.01,1,valid,14,0.7065442,0.3883333333333333,0.37333333333333335
False,0.01,2,train,0,0.66054344,0.36399302528334787,0.3515693112467306
False,0.01,2,valid,0,0.6467912,0.475,0.43
False,0.01,2,train,1,0.56122744,0.4230601569311247,0.37336530078465563
False,0.01,2,valid,1,0.5737722,0.5516666666666666,0.5283333333333333
False,0.01,2,train,2,0.5711183,0.4426765475152572,0.4455100261551874
False,0.01,2,valid,2,0.65142703,0.39,0.345
False,0.01,2,train,3,0.46677878,0.4522667829119442,0.4258936355710549
False,0.01,2,valid,3,0.49396998,0.5433333333333333,0.4866666666666667
False,0.01,2,train,4,0.5514944,0.4867044463818657,0.4513949433304272
False,0.01,2,valid,4,0.58607996,0.3466666666666667,0.315
False,0.01,2,train,5,0.568098,0.4707933740191805,0.45640802092414995
False,0.01,2,valid,5,0.5618853,0.5133333333333333,0.4683333333333333
False,0.01,2,train,6,0.6264393,0.48430688753269396,0.4797297297297297
False,0.01,2,valid,6,0.6348725,0.485,0.445
False,0.01,2,train,7,0.4409692,0.48365300784655624,0.45292066259808195
False,0.01,2,valid,7,0.7228301,0.5283333333333333,0.49333333333333335
False,0.01,2,train,8,0.6315517,0.47253705318221445,0.4629468177855275
False,0.01,2,valid,8,0.709284,0.25,0.22833333333333333
False,0.01,2,train,9,0.8039053,0.4753705318221447,0.45379250217959893
False,0.01,2,valid,9,0.8696954,0.335,0.3616666666666667
False,0.01,2,train,10,0.43835542,0.48147340889276374,0.45706190061028773
False,0.01,2,valid,10,0.68962204,0.4583333333333333,0.4716666666666667
False,0.01,2,train,11,0.6834731,0.5111159546643418,0.49542284219703575
False,0.01,2,valid,11,0.6178527,0.42,0.43333333333333335
False,0.01,2,train,12,0.4913868,0.5108979947689625,0.4853966870095902
False,0.01,2,valid,12,0.7242246,0.355,0.335
False,0.01,2,train,13,0.47727457,0.47951176983435045,0.4631647776809067
False,0.01,2,valid,13,0.8788732,0.42,0.545
False,0.01,2,train,14,0.53260064,0.5098081952920662,0.4867044463818657
False,0.01,2,valid,14,0.8784057,0.5416666666666666,0.4816666666666667
False,0.001,0,train,0,0.5844993,0.4864864864864865,0.4322144725370532
False,0.001,0,valid,0,0.5362248,0.51,0.455
False,0.001,0,train,1,0.6068328,0.4768962510897995,0.4197907585004359
False,0.001,0,valid,1,0.5792464,0.415,0.37
False,0.001,0,train,2,0.57399625,0.4771142109851787,0.42218831734960766
False,0.001,0,valid,2,0.57555735,0.41833333333333333,0.38166666666666665
False,0.001,0,train,3,0.63263243,0.4670880557977332,0.4132519616390584
False,0.001,0,valid,3,0.5879594,0.38666666666666666,0.3516666666666667
False,0.001,0,train,4,0.5717515,0.46054925893635573,0.41020052310374894
False,0.001,0,valid,4,0.62424076,0.35,0.31666666666666665
False,0.001,0,train,5,0.52713305,0.46534437663469924,0.41172624237140365
False,0.001,0,valid,5,0.5275539,0.46,0.41333333333333333
False,0.001,0,train,6,0.58253986,0.4797297297297297,0.4302528334786399
False,0.001,0,valid,6,0.6504596,0.4716666666666667,0.41833333333333333
False,0.001,0,train,7,0.5858988,0.476460331299041,0.42785527462946815
False,0.001,0,valid,7,0.65238464,0.4116666666666667,0.37166666666666665
False,0.001,0,train,8,0.5164758,0.48714036617262424,0.4372275501307759
False,0.001,0,valid,8,0.5496573,0.5166666666666667,0.47
False,0.001,0,train,9,0.4879433,0.48430688753269396,0.43809938971229295
False,0.001,0,valid,9,0.5467119,0.44666666666666666,0.4083333333333333
False,0.001,0,train,10,0.55487585,0.49128160418482997,0.4487794245858762
False,0.001,0,valid,10,0.5520863,0.415,0.37333333333333335
False,0.001,0,train,11,0.68142396,0.495640802092415,0.458151700087184
False,0.001,0,valid,11,0.5749853,0.49,0.47
False,0.001,0,train,12,0.5033372,0.49673060156931126,0.4594594594594595
False,0.001,0,valid,12,0.5165103,0.38666666666666666,0.34833333333333333
False,0.001,0,train,13,0.5165885,0.4880122057541412,0.451176983435048
False,0.001,0,valid,13,0.63743377,0.38,0.3516666666666667
False,0.001,0,train,14,0.5520669,0.5032693984306887,0.46534437663469924
False,0.001,0,valid,14,0.6571986,0.4066666666666667,0.36666666666666664
False,0.001,1,train,0,0.62096304,0.4566259808195292,0.4080209241499564
False,0.001,1,valid,0,0.620001,0.4533333333333333,0.405
False,0.001,1,train,1,0.5885324,0.47602441150828245,0.4210985178727114
False,0.001,1,valid,1,0.6078299,0.4816666666666667,0.43333333333333335
False,0.001,1,train,2,0.58867246,0.44594594594594594,0.39341761115954665
False,0.001,1,valid,2,0.6841721,0.48333333333333334,0.435
False,0.001,1,train,3,0.5346987,0.46033129904097647,0.4097646033129904
False,0.001,1,valid,3,0.5849855,0.44666666666666666,0.4
False,0.001,1,train,4,0.6474146,0.46076721883173494,0.40889276373147343
False,0.001,1,valid,4,0.5923118,0.4666666666666667,0.41833333333333333
False,0.001,1,train,5,0.53278905,0.4768962510897995,0.42567567567567566
False,0.001,1,valid,5,0.6838936,0.47,0.4216666666666667
False,0.001,1,train,6,0.5758273,0.47319093286835223,0.42545771578029645
False,0.001,1,valid,6,0.6062035,0.43666666666666665,0.39
False,0.001,1,train,7,0.6219267,0.47602441150828245,0.4300348735832607
False,0.001,1,valid,7,0.6017478,0.45,0.4066666666666667
False,0.001,1,train,8,0.62654656,0.46904969485614645,0.4226242371403662
False,0.001,1,valid,8,0.5563722,0.44166666666666665,0.41333333333333333
False,0.001,1,train,9,0.50650644,0.48496076721883175,0.44245858761987794
False,0.001,1,valid,9,0.6230218,0.535,0.51
False,0.001,1,train,10,0.6001327,0.47798605056669574,0.4330863121185702
False,0.001,1,valid,10,0.62657976,0.4483333333333333,0.41
False,0.001,1,train,11,0.5731547,0.48256320836966,0.4409328683522232
False,0.001,1,valid,11,0.6287009,0.46,0.435
False,0.001,1,train,12,0.45650405,0.4888840453356582,0.4426765475152572
False,0.001,1,valid,12,0.5425979,0.51,0.4583333333333333
False,0.001,1,train,13,0.5110656,0.49062772449869224,0.451176983435048
False,0.001,1,valid,13,0.5109417,0.43166666666666664,0.3933333333333333
False,0.001,1,train,14,0.5037859,0.504359197907585,0.46512641673932
False,0.001,1,valid,14,0.5276697,0.425,0.3883333333333333
False,0.001,2,train,0,0.56546706,0.47733217088055796,0.4226242371403662
False,0.001,2,valid,0,0.63711417,0.44666666666666666,0.4033333333333333
False,0.001,2,train,1,0.54819113,0.4627288578901482,0.40889276373147343
False,0.001,2,valid,1,0.56097853,0.38666666666666666,0.34833333333333333
False,0.001,2,train,2,0.5909101,0.4629468177855275,0.41216216216216217
False,0.001,2,valid,2,0.6389913,0.325,0.29833333333333334
False,0.001,2,train,3,0.5772118,0.46033129904097647,0.4093286835222319
False,0.001,2,valid,3,0.57249314,0.5333333333333333,0.48833333333333334
False,0.001,2,train,4,0.5590935,0.47951176983435045,0.43417611159546643
False,0.001,2,valid,4,0.5200614,0.4583333333333333,0.4216666666666667
False,0.001,2,train,5,0.59603715,0.46970357454228423,0.41739319965126415
False,0.001,2,valid,5,0.6204084,0.48333333333333334,0.43166666666666664
False,0.001,2,train,6,0.5581363,0.478204010462075,0.4265475152571927
False,0.001,2,valid,6,0.5994698,0.5016666666666667,0.455
False,0.001,2,train,7,0.54207546,0.4853966870095902,0.44115082824760243
False,0.001,2,valid,7,0.55244505,0.3983333333333333,0.365
False,0.001,2,train,8,0.54143137,0.4797297297297297,0.4330863121185702
False,0.001,2,valid,8,0.6262603,0.45,0.42
False,0.001,2,train,9,0.49656516,0.486922406277245,0.44594594594594594
False,0.001,2,valid,9,0.589352,0.43166666666666664,0.4033333333333333
False,0.001,2,train,10,0.51502246,0.493025283347864,0.4509590235396687
False,0.001,2,valid,10,0.49726102,0.44166666666666665,0.41
False,0.001,2,train,11,0.49931124,0.49978204010462074,0.45684394071490847
False,0.001,2,valid,11,0.44022283,0.46,0.415
False,0.001,2,train,12,0.57326233,0.49825632083696597,0.4609851787271142
False,0.001,2,valid,12,0.5362403,0.4583333333333333,0.44166666666666665
False,0.001,2,train,13,0.4881767,0.4838709677419355,0.4518308631211857
False,0.001,2,valid,13,0.6078316,0.395,0.36
False,0.001,2,train,14,0.5919059,0.5050130775937227,0.47297297297297297
False,0.001,2,valid,14,0.565834,0.295,0.2683333333333333
True,0.01,0,train,0,0.79636127,0.3884045335658239,0.3424149956408021
True,0.01,0,valid,0,0.61366445,0.5666666666666667,0.5083333333333333
True,0.01,0,train,1,0.5995982,0.5828247602441151,0.5111159546643418
True,0.01,0,valid,1,0.6015269,0.5866666666666667,0.5216666666666666
True,0.01,0,train,2,0.6153592,0.5823888404533566,0.5111159546643418
True,0.01,0,valid,2,0.64455336,0.5866666666666667,0.5216666666666666
True,0.01,0,train,3,0.63336635,0.5300784655623365,0.46534437663469924
True,0.01,0,valid,3,0.59161687,0.5866666666666667,0.5216666666666666
True,0.01,0,train,4,0.6737983,0.5592850915431561,0.49193548387096775
True,0.01,0,valid,4,0.5957648,0.5866666666666667,0.5216666666666666
True,0.01,0,train,5,0.6248938,0.521795989537925,0.4594594594594595
True,0.01,0,valid,5,0.6123091,0.5866666666666667,0.5216666666666666
True,0.01,0,train,6,0.61525726,0.509590235396687,0.4496512641673932
True,0.01,0,valid,6,0.5840119,0.43666666666666665,0.3933333333333333
True,0.01,0,train,7,0.5568078,0.47951176983435045,0.4219703574542284
True,0.01,0,valid,7,0.590815,0.43666666666666665,0.39166666666666666
True,0.01,0,train,8,0.65326256,0.4350479511769834,0.3862249346120314
True,0.01,0,valid,8,0.52642894,0.4633333333333333,0.42
True,0.01,0,train,9,0.60509616,0.43766346992153443,0.38905841325196167
True,0.01,0,valid,9,0.6096035,0.4633333333333333,0.4166666666666667
True,0.01,0,train,10,0.63075984,0.44594594594594594,0.39690496948561466
True,0.01,0,valid,10,0.6176007,0.34,0.31
True,0.01,0,train,11,0.56308275,0.43940714908456846,0.3905841325196164
True,0.01,0,valid,11,0.568837,0.48,0.43666666666666665
True,0.01,0,train,12,0.66518766,0.4433304272013949,0.3931996512641674
True,0.01,0,valid,12,0.5906079,0.43333333333333335,0.3933333333333333
True,0.01,0,train,13,0.56013757,0.43766346992153443,0.38775065387968616
True,0.01,0,valid,13,0.58900416,0.4766666666666667,0.43
True,0.01,0,train,14,0.5629726,0.45858761987794244,0.4036617262423714
True,0.01,0,valid,14,0.6096123,0.41,0.36666666666666664
True,0.01,1,train,0,0.6355895,0.5538360941586749,0.49760244115082825
True,0.01,1,valid,0,0.6947228,0.5733333333333334,0.5083333333333333
True,0.01,1,train,1,0.62486947,0.5819529206625981,0.5102441150828247
True,0.01,1,valid,1,0.72675043,0.5666666666666667,0.5033333333333333
True,0.01,1,train,2,0.5955791,0.5808631211857018,0.5098081952920662
True,0.01,1,valid,2,0.6148247,0.58,0.515
True,0.01,1,train,3,0.5508629,0.5828247602441151,0.5102441150828247
True,0.01,1,valid,3,0.6188076,0.5866666666666667,0.5216666666666666
True,0.01,1,train,4,0.66754454,0.5828247602441151,0.5098081952920662
True,0.01,1,valid,4,0.6104093,0.5866666666666667,0.5216666666666666
True,0.01,1,train,5,0.63639253,0.560156931124673,0.49128160418482997
True,0.01,1,valid,5,0.6418585,0.49333333333333335,0.44166666666666665
True,0.01,1,train,6,0.6297081,0.47297297297297297,0.42000871839581516
True,0.01,1,valid,6,0.6165415,0.45,0.4066666666666667
True,0.01,1,train,7,0.58935463,0.44027898866608545,0.38905841325196167
True,0.01,1,valid,7,0.55007267,0.2833333333333333,0.255
True,0.01,1,train,8,0.6470758,0.451176983435048,0.39908456843940715
True,0.01,1,valid,8,0.55768985,0.48,0.43
True,0.01,1,train,9,0.6203543,0.4372275501307759,0.3881865736704446
True,0.01,1,valid,9,0.5818857,0.3566666666666667,0.3233333333333333
True,0.01,1,train,10,0.615356,0.4337401918047079,0.38295553618134265
True,0.01,1,valid,10,0.6032716,0.49333333333333335,0.445
True,0.01,1,train,11,0.6533101,0.45684394071490847,0.40344376634699214
True,0.01,1,valid,11,0.59603316,0.47,0.425
True,0.01,1,train,12,0.52785707,0.44463818657367044,0.39341761115954665
True,0.01,1,valid,12,0.61587435,0.42333333333333334,0.37833333333333335
True,0.01,1,train,13,0.68276465,0.45684394071490847,0.40344376634699214
True,0.01,1,valid,13,0.5464194,0.44666666666666666,0.40166666666666667
True,0.01,1,train,14,0.6295112,0.43766346992153443,0.3884045335658239
True,0.01,1,valid,14,0.5902976,0.39,0.35
True,0.01,2,train,0,0.65971065,0.5396687009590235,0.47863993025283347
True,0.01,2,valid,0,0.59451884,0.5833333333333334,0.52
True,0.01,2,train,1,0.5604295,0.5091543156059285,0.4474716652136007
True,0.01,2,valid,1,0.5820972,0.4716666666666667,0.4266666666666667
True,0.01,2,train,2,0.59472394,0.4838709677419355,0.42632955536181344
True,0.01,2,valid,2,0.6444144,0.4166666666666667,0.375
True,0.01,2,train,3,0.58228797,0.46207497820401044,0.40823888404533565
True,0.01,2,valid,3,0.6294987,0.51,0.46
True,0.01,2,train,4,0.631107,0.4847428073234525,0.42698343504795117
True,0.01,2,valid,4,0.6110682,0.45,0.4083333333333333
True,0.01,2,train,5,0.5921365,0.46817785527462946,0.41434176111595467
True,0.01,2,valid,5,0.5197471,0.43333333333333335,0.3933333333333333
True,0.01,2,train,6,0.5372413,0.46469049694856146,0.4110723626852659
True,0.01,2,valid,6,0.6161224,0.53,0.475
True,0.01,2,train,7,0.59858024,0.44245858761987794,0.3923278116826504
True,0.01,2,valid,7,0.53213066,0.4866666666666667,0.44
True,0.01,2,train,8,0.5979957,0.44943330427201394,0.3997384481255449
True,0.01,2,valid,8,0.6234658,0.48,0.43
True,0.01,2,train,9,0.5910983,0.44943330427201394,0.39690496948561466
True,0.01,2,valid,9,0.58870333,0.45666666666666667,0.4116666666666667
True,0.01,2,train,10,0.6330452,0.45030514385353093,0.39777680906713164
True,0.01,2,valid,10,0.54436725,0.5433333333333333,0.4866666666666667
True,0.01,2,train,11,0.5304759,0.45422842197035745,0.4023539668700959
True,0.01,2,valid,11,0.60389906,0.49,0.44
True,0.01,2,train,12,0.63580245,0.4673060156931125,0.41238012205754143
True,0.01,2,valid,12,0.54016304,0.41333333333333333,0.37166666666666665
True,0.01,2,train,13,0.56562775,0.45553618134263296,0.40126416739319964
True,0.01,2,valid,13,0.53217334,0.49666666666666665,0.44666666666666666
True,0.01,2,train,14,0.62912697,0.476460331299041,0.41870095902353965
True,0.01,2,valid,14,0.619352,0.44666666666666666,0.39666666666666667
True,0.001,0,train,0,0.6326282,0.4631647776809067,0.4230601569311247
True,0.001,0,valid,0,0.6072613,0.43333333333333335,0.39
True,0.001,0,train,1,0.6123924,0.44681778552746293,0.39646904969485613
True,0.001,0,valid,1,0.65520114,0.3466666666666667,0.315
True,0.001,0,train,2,0.59728384,0.42545771578029645,0.38034001743679163
True,0.001,0,valid,2,0.5889866,0.4033333333333333,0.36833333333333335
True,0.001,0,train,3,0.54841775,0.4701394943330427,0.4217523975588492
True,0.001,0,valid,3,0.5864704,0.39666666666666667,0.355
True,0.001,0,train,4,0.53402054,0.4444202266782912,0.3951612903225806
True,0.001,0,valid,4,0.57684505,0.4766666666666667,0.42333333333333334
True,0.001,0,train,5,0.6274123,0.4683958151700087,0.41434176111595467
True,0.001,0,valid,5,0.55506676,0.47,0.4216666666666667
True,0.001,0,train,6,0.65553284,0.46033129904097647,0.4064952048823017
True,0.001,0,valid,6,0.57490695,0.4866666666666667,0.43833333333333335
True,0.001,0,train,7,0.52192503,0.48147340889276374,0.42850915431560593
True,0.001,0,valid,7,0.5696497,0.47,0.4216666666666667
True,0.001,0,train,8,0.5487246,0.4679598953792502,0.4128160418482999
True,0.001,0,valid,8,0.5963848,0.52,0.465
True,0.001,0,train,9,0.5971045,0.474716652136007,0.4197907585004359
True,0.001,0,valid,9,0.56907135,0.475,0.4266666666666667
True,0.001,0,train,10,0.56724495,0.4734088927637315,0.4245858761987794
True,0.001,0,valid,10,0.63164246,0.42,0.38666666666666666
True,0.001,0,train,11,0.4993914,0.47231909328683525,0.4224062772449869
True,0.001,0,valid,11,0.62889785,0.42833333333333334,0.4
True,0.001,0,train,12,0.45572558,0.48278116826503925,0.44071490845684397
True,0.001,0,valid,12,0.56791073,0.42333333333333334,0.4
True,0.001,0,train,13,0.48582956,0.48844812554489975,0.44812554489973844
True,0.001,0,valid,13,0.58612394,0.4066666666666667,0.365
True,0.001,0,train,14,0.54094243,0.48496076721883175,0.4409328683522232
True,0.001,0,valid,14,0.5235054,0.43,0.3933333333333333
True,0.001,1,train,0,0.5525555,0.4115082824760244,0.37053182214472535
True,0.001,1,valid,0,0.5543585,0.41333333333333333,0.37666666666666665
True,0.001,1,train,1,0.57649046,0.44681778552746293,0.3945074106364429
True,0.001,1,valid,1,0.61508894,0.3933333333333333,0.36333333333333334
True,0.001,1,train,2,0.6662047,0.44725370531822145,0.3951612903225806
True,0.001,1,valid,2,0.5253081,0.49,0.44333333333333336
True,0.001,1,train,3,0.6959346,0.4531386224934612,0.4014821272885789
True,0.001,1,valid,3,0.62107176,0.4266666666666667,0.385
True,0.001,1,train,4,0.62034196,0.4629468177855275,0.40823888404533565
True,0.001,1,valid,4,0.59978944,0.4483333333333333,0.405
True,0.001,1,train,5,0.562424,0.4740627724498692,0.4224062772449869
True,0.001,1,valid,5,0.58243537,0.455,0.4083333333333333
True,0.001,1,train,6,0.54418516,0.48234524847428073,0.43809938971229295
True,0.001,1,valid,6,0.5821593,0.48833333333333334,0.45166666666666666
True,0.001,1,train,7,0.5140215,0.46687009590235395,0.42545771578029645
True,0.001,1,valid,7,0.5942804,0.44333333333333336,0.4083333333333333
True,0.001,1,train,8,0.47656766,0.4901918047079337,0.4426765475152572
True,0.001,1,valid,8,0.5558649,0.40166666666666667,0.37666666666666665
True,0.001,1,train,9,0.53211194,0.48779424585876197,0.4505231037489102
True,0.001,1,valid,9,0.57809746,0.475,0.43333333333333335
True,0.001,1,train,10,0.49851087,0.49542284219703575,0.4609851787271142
True,0.001,1,valid,10,0.6019445,0.46,0.43166666666666664
True,0.001,1,train,11,0.52511525,0.48844812554489975,0.4487794245858762
True,0.001,1,valid,11,0.6869253,0.44666666666666666,0.41833333333333333
True,0.001,1,train,12,0.5002547,0.4971665213600697,0.4649084568439407
True,0.001,1,valid,12,0.59432733,0.47833333333333333,0.455
True,0.001,1,train,13,0.5106001,0.5056669572798606,0.48256320836966
True,0.001,1,valid,13,0.58644617,0.43,0.4083333333333333
True,0.001,1,train,14,0.3827564,0.5202702702702703,0.5006538796861377
True,0.001,1,valid,14,0.780477,0.40166666666666667,0.39
True,0.001,2,train,0,0.68682426,0.4753705318221447,0.42218831734960766
True,0.001,2,valid,0,0.56815886,0.38666666666666666,0.35
True,0.001,2,train,1,0.598661,0.43199651264167394,0.3840453356582389
True,0.001,2,valid,1,0.5672892,0.4533333333333333,0.41333333333333333
True,0.001,2,train,2,0.63458407,0.44311246730601567,0.39864864864864863
True,0.001,2,valid,2,0.5974403,0.4533333333333333,0.4033333333333333
True,0.001,2,train,3,0.591244,0.4847428073234525,0.43395815170008717
True,0.001,2,valid,3,0.7049373,0.43,0.3933333333333333
True,0.001,2,train,4,0.6084849,0.47166521360069746,0.42414995640802095
True,0.001,2,valid,4,0.6001179,0.44333333333333336,0.4083333333333333
True,0.001,2,train,5,0.5984567,0.46054925893635573,0.4191368788142982
True,0.001,2,valid,5,0.6028425,0.495,0.4483333333333333
True,0.001,2,train,6,0.52957994,0.49128160418482997,0.45510026155187444
True,0.001,2,valid,6,0.56652635,0.39666666666666667,0.3566666666666667
True,0.001,2,train,7,0.5780669,0.4692676547515257,0.4239319965126417
True,0.001,2,valid,7,0.59848803,0.43666666666666665,0.4266666666666667
True,0.001,2,train,8,0.59898084,0.4775501307759372,0.4455100261551874
True,0.001,2,valid,8,0.61253434,0.4766666666666667,0.42833333333333334
True,0.001,2,train,9,0.5242133,0.506974716652136,0.46948561464690497
True,0.001,2,valid,9,0.6152484,0.44166666666666665,0.415
True,0.001,2,train,10,0.49024388,0.5111159546643418,0.47384481255448996
True,0.001,2,valid,10,0.634666,0.4,0.36
True,0.001,2,train,11,0.5148042,0.5093722755013078,0.47798605056669574
True,0.001,2,valid,11,0.58582085,0.43166666666666664,0.41333333333333333
True,0.001,2,train,12,0.47417656,0.5368352223190933,0.506102877070619
True,0.001,2,valid,12,0.5989405,0.4533333333333333,0.43333333333333335
True,0.001,2,train,13,0.37083533,0.5346556233653008,0.5137314734088928
True,0.001,2,valid,13,0.66654587,0.37833333333333335,0.37
True,0.001,2,train,14,0.38970503,0.5490409764603313,0.5294245858761988
True,0.001,2,valid,14,0.6582533,0.44333333333333336,0.43166666666666664
