globules,milia_like_cyst,negative_network,pigment_network,streaks
0,0,0,1,0
1,0,0,1,1
0,1,0,1,0
0,0,0,0,0
0,0,0,1,0
0,0,1,1,0
1,0,0,1,0
1,0,0,1,0
0,1,0,0,0
1,1,0,1,0
1,0,0,1,1
0,1,0,0,0
0,0,0,1,0
0,0,0,1,0
1,0,0,1,0
0,0,0,1,0
0,0,0,1,0
0,0,0,1,0
1,0,0,1,0
0,0,0,1,0
0,0,0,0,0
0,0,1,0,0
0,0,0,1,0
0,0,0,0,0
1,0,0,1,0
0,0,0,1,0
0,0,0,1,0
1,0,0,0,0
1,0,0,1,1
1,0,0,1,0
1,0,0,1,1
1,0,0,0,0
0,0,0,1,0
1,0,0,1,0
0,0,0,1,0
0,0,0,1,0
0,0,0,0,0
0,0,0,0,0
1,0,0,1,0
1,0,1,1,0
1,0,0,1,0
0,0,1,0,0
0,0,0,1,0
1,0,0,1,0
0,0,0,1,0
1,0,0,1,0
0,0,0,1,0
0,0,0,1,0
1,0,1,1,0
1,0,0,1,0
0,0,0,1,0
0,0,0,1,0
0,0,0,1,0
0,0,0,1,0
1,0,0,1,0
0,0,0,1,0
0,0,0,1,0
1,0,0,1,0
1,0,0,1,0
0,0,0,1,0
1,0,0,1,0
1,0,0,1,0
0,0,0,1,0
1,1,0,1,0
0,0,0,1,0
1,0,0,1,0
0,0,1,1,0
0,1,0,1,0
1,0,0,1,1
0,0,0,1,0
0,0,0,1,0
0,1,0,1,0
1,0,0,1,0
0,0,0,1,0
0,0,0,1,0
1,0,0,0,0
0,0,0,1,0
0,0,0,1,0
1,0,0,1,0
0,0,1,1,0
0,0,0,1,0
0,0,0,1,0
0,0,0,1,0
0,0,1,0,0
0,0,0,1,0
0,0,0,1,0
0,0,0,1,0
1,0,0,1,0
1,0,0,1,0
0,0,0,0,1
0,0,0,0,0
0,0,0,1,0
0,0,0,0,0
0,0,0,1,0
1,0,0,1,1
0,0,0,0,0
1,0,0,1,0
0,0,0,1,0
1,0,0,1,0
0,0,0,1,0
0,0,0,0,0
0,0,0,1,0
0,0,0,1,0
1,0,0,0,0
1,0,0,0,0
0,0,0,1,0
0,1,1,1,0
0,0,0,1,1
0,0,0,1,0
0,0,0,0,0
0,0,0,0,0
0,0,0,0,0
0,0,0,1,0
0,1,0,0,0
0,0,0,1,0
1,0,0,1,1
1,0,0,1,0
1,0,0,1,0
1,0,0,0,0
0,0,0,0,0
0,0,1,1,0
0,0,0,1,0
0,0,0,1,0
0,0,0,1,0
1,0,0,1,0
0,0,0,1,1
1,0,0,1,0
1,0,0,1,1
0,0,0,1,0
1,0,0,1,0
1,0,0,1,0
0,0,0,1,0
1,0,1,0,0
1,0,0,0,0
1,0,0,1,1
0,0,0,1,0
1,0,0,1,0
1,0,0,1,0
0,1,1,1,0
0,0,0,1,0
0,0,0,1,0
1,0,0,1,1
0,0,0,1,0
0,0,0,1,0
1,0,0,1,1
1,0,1,1,0
0,0,0,1,1
0,0,0,1,0
1,0,0,1,0
0,0,0,1,0
1,0,0,1,1
0,0,0,1,0
0,0,0,1,1
0,0,0,0,0
0,0,0,1,1
1,0,0,1,0
0,0,0,1,0
0,1,0,1,1
1,0,0,1,1
0,1,0,1,0
0,0,0,0,0
0,0,0,0,0
0,0,0,0,0
0,0,0,1,0
0,0,0,1,0
1,0,0,1,0
0,0,0,0,0
0,0,0,0,0
1,0,0,0,0
1,0,0,0,0
1,0,0,0,0
1,0,0,1,0
1,0,0,1,0
0,0,0,0,0
0,0,0,0,0
0,0,0,1,0
0,0,0,1,0
0,0,0,0,1
1,0,0,1,1
1,0,0,1,1
0,0,0,1,1
1,0,0,1,0
0,0,1,1,0
0,0,0,1,0
0,0,0,1,0
0,0,0,1,0
0,0,0,1,0
0,0,0,0,0
1,0,0,1,0
0,0,0,0,1
0,0,0,1,0
0,0,0,1,0
0,0,0,1,0
0,0,0,1,0
1,0,0,1,0
1,0,0,1,0
0,1,0,1,0
1,0,0,1,0
0,0,0,1,0
0,0,0,1,0
1,0,0,1,0
0,0,1,1,0
0,0,0,1,0
0,0,0,1,0
0,0,0,1,0
0,0,0,1,0
0,0,0,1,0
1,1,0,1,0
0,0,0,1,0
1,1,0,1,0
1,0,0,1,0
0,0,0,1,0
1,1,0,1,0
0,1,0,1,0
0,0,0,0,0
1,0,0,1,0
0,1,0,1,1
1,0,0,1,1
0,0,0,1,0
1,0,0,1,0
0,0,0,1,0
0,0,0,1,0
0,0,0,1,0
0,0,0,1,0
0,0,1,0,0
1,0,0,1,0
0,0,0,1,0
0,0,0,1,0
0,0,0,1,0
0,0,0,1,0
1,0,0,1,0
1,0,0,1,0
0,0,0,1,0
1,0,0,1,0
1,0,0,1,0
1,0,0,1,0
1,0,0,1,0
0,0,0,1,0
0,0,0,1,0
0,0,0,0,0
0,0,0,1,0
1,0,0,1,0
1,0,0,0,0
0,0,0,1,0
0,0,0,1,0
0,0,0,1,0
0,0,0,1,0
0,0,0,0,0
0,0,0,1,0
1,0,1,1,1
1,0,0,0,0
1,0,0,1,1
0,0,0,1,0
0,0,0,0,0
1,0,0,0,0
1,0,0,0,0
0,0,1,1,0
0,0,0,1,0
0,0,1,1,0
1,0,0,0,1
0,0,0,0,0
0,0,0,1,0
0,0,0,1,0
1,0,0,1,0
0,0,0,1,0
0,0,0,0,0
0,0,0,1,0
1,0,0,1,0
0,0,0,1,0
0,0,0,1,0
0,0,0,1,0
0,0,0,0,0
0,0,0,1,0
0,0,0,0,0
1,0,0,1,0
0,0,0,1,0
0,0,0,0,0
0,0,0,1,0
0,0,0,0,0
0,0,0,1,0
1,0,0,1,0
0,0,0,1,0
0,0,0,1,0
1,0,0,0,0
1,0,0,1,0
0,0,0,0,0
0,0,1,0,0
0,0,0,0,0
1,0,0,1,0
0,0,0,1,0
0,0,0,1,0
0,1,0,0,0
0,0,0,1,0
1,0,0,1,0
0,0,0,1,1
0,0,0,0,0
0,0,0,1,0
0,0,0,1,0
1,0,0,0,0
0,0,0,1,0
0,0,0,1,0
0,0,0,1,0
0,0,0,1,0
0,0,0,1,0
0,0,0,1,0
0,0,0,1,0
1,0,0,0,0
0,0,0,1,0
0,0,1,1,0
0,0,0,1,0
0,0,0,0,0
0,0,0,1,0
1,0,0,1,1
0,0,0,0,0
0,0,0,1,0
0,0,0,1,1
0,0,0,1,0
0,0,0,1,0
1,0,0,1,0
0,0,0,1,0
0,0,0,1,0
0,0,0,1,0
0,0,0,1,0
1,0,0,1,0
1,0,0,1,0
1,0,0,1,0
0,0,0,1,0
1,0,0,0,0
0,0,0,1,0
0,0,0,0,0
1,0,0,1,0
0,0,0,1,0
1,0,0,0,0
0,0,0,1,0
0,0,0,0,1
0,0,0,1,0
0,0,0,1,0
0,0,0,0,0
0,0,0,0,0
0,0,1,1,0
0,0,0,1,0
0,0,0,1,0
1,0,1,1,0
1,0,0,1,0
0,0,0,1,0
0,0,0,1,0
0,0,0,0,0
0,0,0,0,0
1,0,0,1,0
0,0,0,1,0
0,0,0,1,0
0,0,0,1,0
0,0,0,1,0
0,0,0,1,0
1,0,0,0,0
1,0,0,1,0
1,0,0,0,0
0,0,0,1,0
0,0,0,1,1
0,0,0,1,0
0,0,0,1,0
0,0,0,1,0
0,0,0,1,0
1,0,1,1,0
1,0,0,1,0
0,0,0,1,0
0,0,0,1,0
0,0,0,1,0
0,0,0,1,0
0,0,0,1,0
1,0,1,0,0
1,0,1,0,0
0,0,0,1,0
1,1,0,0,0
0,0,0,1,0
0,1,0,1,0
0,0,0,1,0
0,0,0,1,0
1,1,0,0,0
1,0,0,1,0
0,0,0,1,0
0,0,0,1,0
1,0,0,1,0
0,1,0,1,0
1,1,0,1,0
0,0,0,1,0
0,0,0,0,0
0,0,0,0,0
0,0,0,0,0
0,1,0,1,0
0,0,0,0,0
1,0,0,1,0
1,0,0,0,0
1,0,0,1,0
1,0,0,1,0
0,1,0,1,0
0,0,0,0,0
0,0,0,0,0
1,0,0,1,0
0,0,0,1,0
0,0,0,0,0
1,0,0,1,0
1,1,0,0,0
1,0,0,1,0
1,0,0,1,0
0,0,0,1,0
0,0,0,1,0
0,0,0,1,0
1,0,0,0,0
0,0,0,1,0
0,0,0,0,0
1,0,0,1,0
1,0,0,0,0
0,1,1,0,0
0,0,0,1,0
0,1,0,1,0
1,0,0,1,0
0,0,0,0,0
0,0,0,1,0
0,0,0,1,0
0,0,0,1,0
0,0,0,0,0
0,0,0,0,0
0,0,0,1,0
0,0,0,1,0
0,0,0,1,0
1,0,0,0,1
0,0,0,0,0
0,0,0,1,0
1,1,0,1,0
1,0,0,0,0
0,0,0,0,0
0,0,0,1,0
0,0,0,0,0
0,0,1,1,0
0,0,0,1,0
1,0,0,1,0
0,0,0,1,0
0,0,0,0,0
0,0,0,1,0
1,0,0,0,0
0,0,0,1,0
0,0,0,1,0
0,0,0,1,0
0,0,0,1,0
0,0,0,1,0
0,0,0,1,0
1,0,0,1,0
1,0,0,0,0
0,0,1,0,0
0,0,0,1,0
0,0,0,1,0
0,0,0,1,0
0,0,0,1,0
1,0,1,1,1
0,0,0,1,0
0,0,0,0,0
0,0,0,1,0
0,0,0,1,0
0,0,0,0,0
0,0,0,1,0
0,0,0,0,1
0,0,0,0,1
1,0,0,1,1
1,0,1,0,0
0,0,0,1,0
1,0,0,1,0
1,0,0,1,1
1,0,0,0,0
0,0,1,0,0
0,0,0,1,0
1,0,1,0,0
0,0,0,1,1
0,0,0,1,1
1,0,0,1,1
0,0,0,1,0
1,0,0,1,0
0,0,1,0,0
0,0,0,0,0
0,0,0,1,0
0,0,0,1,0
0,0,0,1,0
0,0,0,1,0
0,0,0,1,0
0,0,0,1,0
1,1,0,1,0
1,1,0,0,0
0,1,0,1,0
0,1,0,0,0
1,0,0,1,0
0,1,0,0,0
0,1,0,0,0
0,0,0,0,0
0,0,0,0,0
0,0,0,1,0
0,0,0,1,0
0,0,0,1,0
0,0,0,1,0
0,0,0,1,0
0,1,0,0,0
0,0,0,1,0
0,0,0,0,0
0,0,0,1,0
0,0,1,0,0
0,0,0,0,0
0,0,0,0,0
0,0,0,0,0
0,0,0,0,0
0,0,0,1,0
0,0,0,0,0
1,1,0,0,0
0,0,0,1,0
0,0,0,1,0
1,0,0,1,0
0,1,0,0,0
0,0,0,0,0
0,1,0,0,0
1,0,0,0,0
0,0,0,0,0
0,0,0,0,0
1,0,0,1,0
1,0,0,1,0
0,0,0,0,0
0,0,0,0,0
0,1,0,0,0
0,1,0,0,0
0,0,0,0,0
0,0,0,1,0
0,0,0,1,0
0,0,0,1,0
0,0,0,0,0
0,0,0,1,0
0,1,0,1,0
1,1,0,0,0
1,1,0,0,0
0,0,0,0,0
0,1,0,0,0
0,0,0,0,0
0,0,0,1,0
0,0,0,0,0
0,0,0,0,0
0,1,0,0,0
0,0,0,1,0
1,0,0,0,0
0,0,0,0,0
0,1,0,1,0
0,0,0,1,0
1,1,0,1,0
1,0,0,0,0
1,1,0,1,0
0,0,0,0,0
0,0,0,0,0
1,0,0,0,0
0,1,0,1,0
0,1,0,0,0
0,0,0,1,0
0,1,0,0,0
1,0,0,0,0
0,0,0,0,0
0,1,0,0,0
0,0,0,0,0
0,0,0,1,0
0,1,0,1,0
0,0,0,1,0
0,0,0,1,0
0,0,0,1,0
1,0,0,0,0
0,0,0,1,0
0,1,0,1,0
0,0,0,0,0
0,0,0,0,0
0,0,0,0,1
0,0,0,1,0
0,1,0,0,0
0,0,0,1,0
0,0,0,0,0
1,0,0,0,0
0,1,0,1,0
0,0,0,1,0
1,0,0,1,0
0,1,0,1,0
0,0,0,1,0
1,0,0,0,0
0,0,0,0,0
0,0,0,1,0
0,1,0,0,0
0,1,0,0,0
0,0,0,1,0
0,0,0,1,0
0,0,0,0,0
0,1,0,1,0
1,0,0,0,0
1,0,0,0,0
0,0,0,1,0
0,0,0,0,0
1,1,1,0,0
0,1,1,0,0
0,1,0,0,0
0,0,0,1,0
0,1,0,1,0
1,0,0,0,0
0,1,0,0,0
0,0,0,0,0
0,0,0,0,0
0,0,0,0,0
0,1,0,0,0
0,1,0,0,0
1,0,0,0,0
0,1,0,0,0
1,0,0,0,0
0,0,0,0,0
0,0,0,1,0
0,0,0,1,0
0,0,0,0,0
0,1,0,0,0
1,0,0,0,0
0,1,0,0,0
0,1,0,0,0
0,0,0,0,0
0,1,0,0,0
0,0,0,0,0
1,0,0,1,0
0,1,0,1,0
1,0,0,0,0
0,0,0,0,0
0,0,0,0,0
1,0,0,1,0
0,1,0,0,0
1,1,0,1,0
0,0,0,0,0
0,1,0,1,0
0,0,0,1,0
0,0,0,0,0
0,0,0,1,0
0,0,0,0,0
0,0,1,1,0
0,0,0,0,0
0,1,0,1,0
0,0,0,1,0
1,0,0,0,0
0,0,0,0,0
0,0,0,0,0
0,0,0,0,0
0,1,0,0,0
0,1,0,1,0
1,1,0,1,0
0,0,0,1,0
0,0,0,0,0
1,1,0,1,0
0,1,0,0,0
0,0,0,1,0
1,1,0,1,0
0,0,0,0,0
0,0,0,1,0
0,0,1,1,0
0,0,0,1,0
1,1,0,1,0
1,0,0,1,0
1,0,0,1,0
0,0,0,1,0
1,0,0,0,0
1,0,1,0,0
1,0,0,1,0
0,0,0,1,0
0,0,0,1,0
0,0,0,1,0
0,1,1,0,0
0,1,0,1,0
0,0,0,1,0
0,1,0,0,0
0,1,0,0,0
0,0,0,1,0
0,1,0,1,0
1,0,0,1,0
0,1,1,1,0
0,1,0,0,0
1,0,1,0,0
0,0,0,0,0
0,0,0,0,0
0,1,0,0,0
0,0,0,1,0
0,0,0,1,0
1,0,0,0,0
0,0,0,0,0
1,0,0,0,0
0,0,0,1,0
0,1,0,1,0
0,0,0,1,0
1,0,0,0,0
0,0,1,0,0
0,0,0,1,0
1,0,0,1,1
1,0,0,0,1
0,0,1,1,0
0,1,0,1,0
1,1,1,1,0
0,0,0,1,0
0,1,0,0,0
0,0,0,1,0
0,1,0,1,0
0,0,0,0,0
0,0,1,1,0
1,0,0,1,0
0,1,1,1,0
0,1,0,1,0
1,0,1,0,0
0,0,0,0,0
0,0,0,1,0
0,0,0,1,0
0,0,0,0,0
1,1,0,1,0
0,0,0,1,0
0,0,0,1,0
0,1,0,1,0
0,0,0,1,0
0,0,0,0,0
0,0,0,0,0
1,0,0,0,0
1,1,1,0,0
0,1,0,1,0
1,1,0,1,0
0,0,0,0,0
0,0,0,1,0
0,0,0,1,0
1,1,1,0,0
0,0,0,1,0
0,0,0,0,0
0,0,0,1,0
0,0,0,0,0
0,0,0,1,0
1,1,0,1,0
0,0,0,1,0
0,0,0,0,0
0,0,0,1,0
0,0,0,0,0
0,1,0,1,0
0,0,0,1,0
1,0,1,1,0
0,0,1,1,0
0,1,0,1,0
0,1,0,1,0
1,0,0,1,1
0,0,0,1,0
0,0,0,0,0
0,0,1,1,0
0,1,0,1,0
0,0,0,1,0
1,0,0,0,0
1,0,0,0,0
0,0,0,0,0
1,0,1,1,0
0,0,0,1,0
0,0,0,1,0
0,0,0,1,1
0,1,0,1,0
1,0,0,1,0
0,0,0,1,0
0,0,0,1,0
0,1,1,0,0
0,1,0,1,0
1,0,0,1,0
0,0,0,1,1
0,0,1,0,0
0,0,0,1,0
0,0,0,0,0
1,0,0,0,0
1,0,0,0,0
0,0,0,0,0
0,1,1,0,0
0,0,0,0,0
1,1,0,1,0
0,1,0,0,0
0,0,0,0,0
1,0,0,0,0
0,0,0,0,0
0,1,0,0,0
0,0,0,1,0
0,0,0,0,0
0,0,0,1,0
1,1,0,1,0
0,0,0,1,0
0,0,0,1,0
0,0,0,0,0
0,0,0,0,0
1,0,0,0,0
0,1,0,1,0
1,0,0,1,0
0,0,0,0,0
1,0,1,1,0
0,0,0,0,0
1,0,0,0,0
0,1,0,1,1
0,0,1,1,0
0,0,0,0,0
0,1,0,1,0
0,0,0,1,0
0,0,0,1,0
0,0,0,1,0
0,0,0,0,0
0,0,0,1,0
1,0,0,0,0
1,0,0,1,0
1,0,0,0,0
1,1,0,1,0
0,0,0,1,0
0,0,0,0,0
0,1,0,1,0
0,0,0,0,0
0,0,0,1,0
0,0,0,1,0
0,0,0,1,0
0,0,0,0,0
1,0,0,1,0
1,0,0,1,0
1,0,0,1,0
1,0,1,0,1
0,1,0,1,1
0,0,0,1,0
0,0,0,1,0
0,1,0,1,0
0,0,0,1,0
0,0,0,1,0
0,0,0,0,0
1,0,0,0,0
1,0,0,1,0
0,1,0,1,0
1,1,1,0,0
0,0,0,1,0
0,0,0,1,0
0,0,0,1,0
0,0,0,1,0
0,1,0,1,0
1,0,0,1,0
0,1,1,1,0
0,0,0,1,0
1,1,0,0,0
0,0,0,0,0
0,0,0,1,0
0,1,0,1,0
0,0,0,1,0
0,0,0,0,0
0,0,0,1,0
0,0,0,1,1
0,1,0,1,0
0,0,0,1,0
0,0,0,0,0
0,0,1,0,0
0,0,0,1,0
0,1,0,1,0
0,0,0,0,0
0,1,0,0,0
1,1,0,0,1
1,0,0,0,1
1,0,1,0,0
0,1,0,1,0
0,0,1,0,0
0,1,1,1,0
0,1,1,1,0
0,0,0,1,0
0,0,1,0,0
0,0,0,1,1
0,0,0,1,0
0,1,0,1,0
0,1,0,1,0
0,0,0,0,1
0,0,0,1,0
0,0,0,0,1
0,0,0,1,1
0,0,0,0,0
1,0,0,0,0
0,0,0,0,0
0,1,0,0,0
0,0,1,1,0
0,0,0,1,0
1,0,0,0,0
0,0,0,1,0
0,0,0,0,0
0,0,0,0,0
0,0,0,1,0
0,0,0,1,0
0,1,0,0,0
0,0,0,0,0
0,0,0,1,0
0,0,0,1,1
0,0,0,0,0
0,0,0,0,0
0,1,0,1,0
0,1,0,1,0
0,1,0,1,0
0,0,0,1,0
0,0,0,1,0
0,0,0,1,0
0,0,0,1,0
1,0,0,0,0
0,0,1,1,0
0,0,0,1,0
0,0,0,0,0
0,1,0,0,0
1,0,0,0,0
1,1,1,1,0
1,0,0,1,0
0,1,0,0,0
0,0,0,0,0
0,0,0,0,0
0,0,1,0,0
1,0,1,0,0
0,0,1,0,0
0,0,0,1,0
0,0,1,0,0
0,1,0,1,0
0,0,0,1,0
0,0,0,1,0
0,1,0,0,0
1,0,0,0,0
1,1,0,1,0
0,0,0,0,0
0,0,0,0,0
0,0,0,1,0
0,0,0,0,0
0,0,0,0,0
1,0,0,0,0
0,0,0,1,0
0,0,0,1,0
0,0,0,1,1
0,0,0,0,0
0,0,0,0,0
0,0,0,0,0
0,0,0,0,0
1,0,0,0,0
0,1,0,1,0
0,0,0,0,0
0,0,0,0,0
0,0,0,0,0
0,1,0,0,0
1,1,0,0,0
0,0,0,1,0
1,1,0,0,0
0,0,0,1,0
0,0,0,0,0
0,0,0,0,0
0,0,0,1,0
1,0,0,1,0
0,0,0,0,0
0,0,0,1,0
0,1,0,1,0
0,0,0,1,0
0,1,0,1,0
1,0,0,0,0
1,0,0,1,0
0,0,0,1,0
0,1,0,0,0
0,0,1,0,0
0,0,0,1,0
0,1,0,1,0
0,0,0,1,0
1,0,0,1,1
1,1,0,0,0
0,1,0,1,0
0,0,0,1,0
0,0,0,0,0
1,1,0,1,0
0,0,0,1,0
0,0,0,1,0
1,1,0,0,0
0,1,0,1,0
0,1,0,0,0
0,0,0,0,0
0,0,0,0,0
0,0,0,1,0
0,0,0,1,0
0,0,0,0,0
1,1,0,1,0
1,0,0,0,0
0,1,1,0,0
0,0,0,1,0
0,0,0,1,0
0,1,0,1,0
1,0,0,0,0
1,0,0,0,0
0,0,0,0,0
0,0,0,0,1
0,0,0,1,0
0,0,0,1,0
0,0,0,0,0
0,0,0,1,0
0,0,0,1,0
0,0,0,1,0
0,0,0,1,0
0,1,0,1,0
1,0,0,1,0
1,1,0,1,0
0,0,0,1,1
1,1,0,1,0
0,1,0,0,0
1,1,0,0,0
0,0,0,1,0
1,0,0,1,0
0,0,0,0,0
1,0,0,0,0
1,0,0,0,0
1,0,0,0,0
0,0,0,0,0
1,0,0,0,0
1,0,0,0,0
0,0,0,0,0
0,1,0,0,0
0,0,0,1,0
0,0,0,0,0
0,0,0,0,0
0,1,0,1,0
0,0,0,0,0
0,1,0,1,0
0,1,0,1,0
0,0,0,0,0
0,0,0,1,0
0,0,0,1,0
1,1,0,1,0
0,0,0,0,0
0,0,0,1,0
1,0,0,0,0
0,0,0,1,0
0,0,0,1,0
0,1,1,0,0
0,0,0,0,0
0,1,0,1,0
0,0,0,1,0
0,0,0,1,1
1,1,0,0,0
0,0,0,1,0
1,1,1,0,0
1,0,0,0,0
1,0,0,1,0
0,1,0,1,0
1,1,0,1,0
1,0,0,1,0
0,0,0,0,0
1,0,1,1,0
1,0,0,0,0
0,0,0,1,0
1,0,0,0,0
0,0,0,0,0
0,0,0,0,0
1,0,0,0,0
0,0,0,0,0
0,0,0,1,0
0,1,0,1,0
0,0,0,1,0
0,0,0,1,0
0,0,0,0,0
0,0,0,1,0
0,0,0,1,0
0,0,0,1,0
0,0,0,1,0
0,0,0,1,0
0,1,1,1,0
0,0,0,1,0
0,0,0,0,0
0,0,0,0,1
0,0,0,1,0
1,0,0,0,0
0,0,0,1,0
0,0,0,0,0
0,0,0,1,0
1,0,0,1,0
0,1,0,1,0
1,1,0,0,0
0,0,1,1,0
1,0,0,0,0
0,1,1,1,0
0,0,0,0,0
1,0,0,1,0
0,0,0,1,0
0,0,0,1,0
0,0,0,1,0
0,0,1,1,0
1,0,0,1,0
0,0,0,1,0
0,1,0,1,0
0,1,0,0,0
0,1,0,1,0
1,0,0,1,0
0,0,0,1,0
0,0,0,0,0
0,1,0,1,0
1,0,0,0,0
1,1,0,1,0
1,0,0,1,0
1,0,0,0,0
1,0,0,1,0
1,0,0,0,1
0,0,0,0,0
0,0,0,1,0
1,0,0,0,1
1,0,0,1,0
0,0,0,0,0
0,0,0,1,0
1,0,0,0,0
0,0,1,1,0
0,1,0,1,0
1,0,0,0,0
0,0,0,0,0
0,1,1,0,0
0,1,0,1,0
0,0,0,1,0
0,1,0,1,0
0,0,0,1,0
0,0,0,1,0
0,0,0,1,0
0,1,0,1,0
1,1,0,1,0
1,1,0,1,0
1,1,0,0,0
1,1,0,0,0
1,1,0,1,0
0,0,0,0,0
0,1,0,1,0
1,1,0,0,0
0,0,1,0,0
0,1,1,0,0
0,0,0,1,0
1,1,1,0,0
0,0,1,1,0
0,1,0,0,0
1,0,1,0,0
0,0,1,0,0
1,1,0,1,0
0,0,0,1,0
0,0,0,1,0
0,0,0,1,0
1,1,0,1,0
0,0,0,1,0
0,0,0,0,0
1,0,0,1,0
1,0,0,0,0
0,1,0,1,0
0,0,0,1,0
0,0,0,1,0
1,1,0,0,0
0,0,0,1,0
0,0,0,1,0
1,0,1,0,0
0,0,0,0,0
1,0,0,1,0
0,0,0,1,0
0,0,0,1,0
0,0,0,1,0
0,0,0,1,0
0,0,0,1,0
0,0,0,1,0
0,0,0,1,0
0,0,0,1,0
1,0,0,1,0
0,0,0,0,0
0,0,0,1,0
0,1,0,1,0
0,0,0,0,0
1,0,0,1,0
0,0,0,1,0
0,0,0,1,0
0,0,0,1,0
0,1,0,1,0
0,0,0,0,0
1,0,0,0,0
0,0,0,1,0
0,1,0,1,0
0,0,0,0,0
0,0,0,0,0
0,0,0,0,0
0,1,1,1,0
0,0,0,1,0
0,0,0,1,0
0,0,0,1,0
1,0,0,1,1
0,1,0,0,0
0,0,0,1,0
0,0,0,1,0
0,1,0,1,0
0,0,0,1,0
0,0,0,0,0
0,0,0,1,0
0,0,0,1,0
0,0,0,0,0
0,0,0,0,0
1,0,0,1,0
0,0,0,0,0
0,1,0,1,0
0,0,0,0,0
1,0,0,0,0
0,1,0,1,0
0,0,0,0,0
0,1,0,1,0
0,0,0,0,0
0,0,0,1,0
0,0,0,0,0
1,0,0,1,0
0,0,0,1,0
0,0,0,0,0
0,0,0,0,0
0,0,0,1,0
0,1,0,0,0
0,0,0,0,0
0,0,0,0,0
1,1,0,1,0
1,0,0,0,0
0,0,0,1,0
1,0,0,0,1
0,0,0,0,0
0,1,0,1,0
0,0,0,1,0
0,0,0,0,0
0,0,0,0,0
0,0,0,0,0
0,1,0,1,0
0,0,0,0,0
0,0,0,0,0
0,0,0,0,0
0,0,1,0,0
0,0,0,1,0
0,0,0,0,0
0,0,0,0,0
0,1,0,0,0
0,1,0,0,0
1,1,0,1,0
0,0,0,1,0
1,0,1,0,1
0,1,0,0,0
0,0,0,0,0
0,0,0,0,0
0,0,0,0,0
0,0,0,0,0
0,0,0,0,0
0,0,0,0,0
0,0,0,0,0
0,0,0,1,0
0,0,0,0,0
0,0,0,1,0
0,0,0,1,0
0,1,0,0,0
0,0,0,1,0
0,0,0,0,0
0,1,0,1,0
0,0,0,1,0
0,0,0,0,0
0,1,0,0,0
0,0,0,0,0
0,1,0,0,0
0,0,0,0,0
0,0,0,1,0
0,0,0,0,0
0,0,0,1,0
0,0,1,1,0
0,0,0,0,0
0,0,0,0,0
1,0,0,1,0
0,0,0,0,0
0,1,0,1,0
0,0,0,1,0
1,0,0,0,0
0,0,0,0,0
1,0,0,1,0
0,0,1,0,0
0,0,0,1,0
0,0,0,0,0
1,0,0,0,0
0,0,0,0,0
0,0,0,0,0
0,0,0,0,0
0,0,0,1,0
0,0,0,1,0
0,0,0,1,0
0,0,0,0,0
0,0,0,0,0
0,0,0,0,0
0,0,0,0,0
0,0,0,1,0
0,0,0,0,0
0,1,1,1,0
0,0,0,0,0
0,1,0,1,0
0,0,0,0,0
0,0,0,0,0
0,0,0,0,0
0,0,0,1,0
1,0,0,1,0
0,0,0,1,0
0,0,0,0,0
0,0,0,0,0
0,1,0,1,0
0,0,0,0,0
0,0,0,0,0
0,0,0,0,0
0,1,0,1,0
0,0,1,1,0
1,0,0,0,0
1,0,1,0,1
0,1,0,0,0
0,0,0,0,0
0,0,0,0,0
0,0,0,0,0
0,0,0,0,0
0,0,0,0,0
1,0,0,1,0
0,1,0,1,0
0,0,0,0,0
0,0,0,0,0
1,0,0,1,1
0,0,0,1,0
0,0,0,0,0
1,0,0,0,0
0,0,0,0,0
0,0,0,0,0
0,1,0,0,0
0,0,0,0,0
1,0,0,0,1
0,0,0,0,0
0,0,0,0,0
0,0,0,0,0
0,0,0,1,0
1,0,0,1,0
0,0,0,0,0
1,0,0,1,0
1,0,0,0,0
0,0,0,1,0
0,0,0,1,0
0,0,0,1,0
1,0,0,1,0
1,0,0,0,0
0,0,0,0,0
0,0,0,0,0
0,0,0,0,0
0,0,0,1,0
0,0,0,1,0
0,0,0,0,0
0,1,0,0,0
0,1,0,1,0
0,0,0,1,0
0,0,0,1,0
0,0,0,1,1
0,0,0,0,0
0,1,0,0,0
0,0,0,1,0
0,0,0,0,0
0,0,0,0,0
0,0,0,1,0
1,0,0,0,0
1,1,0,1,0
0,1,0,1,0
1,0,0,0,1
0,1,1,1,0
0,0,0,1,0
0,1,0,1,0
0,1,0,0,0
0,1,0,1,0
1,0,0,1,0
0,0,0,1,0
0,0,0,1,0
0,0,0,0,0
1,0,0,0,0
0,0,0,0,0
0,0,0,0,0
1,0,0,0,0
1,0,0,0,0
0,0,0,0,0
1,0,0,1,0
0,0,0,1,0
0,0,0,1,0
0,1,0,0,0
0,1,0,1,0
0,0,0,1,0
0,0,0,1,0
0,0,0,1,0
0,0,0,1,0
0,1,0,1,0
0,1,0,1,0
0,0,0,1,0
0,0,0,0,0
0,1,0,0,0
0,0,0,1,0
0,0,0,1,0
0,0,0,0,0
0,0,0,0,0
0,0,0,0,0
0,0,0,0,0
0,0,0,0,0
0,0,0,0,0
1,0,0,0,0
0,0,0,0,0
0,0,0,0,0
0,1,0,0,0
0,0,0,0,0
0,1,0,0,0
0,1,1,0,0
0,0,0,0,0
1,0,0,0,0
0,0,0,0,0
1,0,0,0,0
0,1,0,0,0
0,0,0,1,0
0,0,0,1,0
0,1,0,1,0
0,0,0,0,0
0,0,0,0,0
0,0,0,0,0
1,0,0,1,0
0,1,0,1,0
1,0,0,1,1
0,0,1,0,0
0,0,0,1,0
0,1,0,0,0
0,0,0,1,0
0,1,0,0,0
0,0,0,0,0
0,0,0,0,0
0,0,0,0,0
0,1,0,0,0
1,0,1,1,0
0,0,0,0,0
0,0,0,1,0
0,1,0,0,0
0,0,0,0,0
0,0,0,1,0
0,0,0,1,0
0,1,0,0,0
0,0,0,1,0
0,0,0,0,0
0,0,0,0,0
0,1,0,0,0
0,1,0,1,0
0,0,0,0,0
0,1,0,1,0
0,0,0,0,0
0,1,0,0,0
0,0,0,1,0
0,0,0,1,0
0,0,0,0,0
0,1,0,0,0
0,1,0,0,0
0,0,0,0,0
0,1,0,0,0
1,0,0,0,0
0,1,0,1,0
0,0,0,1,0
1,1,0,0,0
0,0,0,0,0
1,0,0,0,0
0,0,0,1,0
0,0,0,0,0
0,0,0,1,0
0,0,0,1,0
0,1,0,1,0
1,1,0,0,0
0,1,0,1,0
0,1,0,1,0
0,0,0,1,0
0,1,0,1,0
0,1,0,0,0
0,1,0,0,0
0,1,0,0,0
0,0,0,0,0
0,1,0,1,0
0,1,0,0,0
0,0,0,0,0
1,1,0,1,0
0,0,0,0,0
0,1,0,0,0
0,1,0,1,0
0,0,0,1,0
0,0,0,0,0
1,0,0,0,0
0,0,0,1,0
1,0,0,0,0
0,1,0,0,0
0,1,0,0,0
0,0,1,1,0
0,0,1,1,0
0,0,1,1,0
0,1,0,1,0
0,0,0,0,0
0,1,0,0,0
0,0,0,0,0
1,0,0,1,0
0,0,0,0,0
1,1,1,0,0
0,0,0,1,0
0,1,0,0,0
1,0,0,0,1
0,0,0,0,1
0,0,0,0,0
0,0,0,1,0
0,1,0,1,0
0,1,0,0,0
0,1,0,0,0
0,1,0,1,0
0,0,0,1,0
0,0,0,1,0
1,1,0,0,0
0,0,0,1,0
0,1,0,0,0
0,0,0,0,0
0,0,0,0,0
0,1,0,0,0
0,0,0,0,0
0,0,0,0,0
0,0,0,0,0
0,1,0,0,0
0,1,0,1,0
0,0,0,0,0
1,1,0,1,0
1,0,0,1,0
0,0,0,0,0
0,1,0,1,0
1,1,0,1,0
0,1,0,1,0
0,0,0,1,0
0,1,0,1,0
0,1,0,0,0
1,1,0,0,0
0,0,0,1,0
0,0,0,1,0
0,1,0,1,0
0,0,0,0,0
0,1,0,1,0
0,1,0,1,0
0,1,0,0,0
0,0,0,1,0
0,1,0,0,0
0,0,0,0,0
0,1,0,0,0
0,1,0,1,0
0,1,0,1,0
0,1,0,0,0
0,1,0,0,0
0,1,0,1,0
1,1,0,1,0
0,1,0,0,0
0,0,0,0,0
1,0,0,1,1
0,1,0,0,0
0,1,0,0,0
1,1,0,0,0
0,1,0,1,0
0,1,0,0,0
0,1,0,1,0
0,1,0,0,0
0,1,0,0,0
0,1,0,0,0
0,1,0,0,0
0,0,0,0,0
1,1,0,0,1
0,0,0,1,0
1,1,0,0,0
0,0,0,0,0
0,0,0,0,0
0,0,0,0,0
0,1,0,1,0
0,1,0,1,0
0,1,0,0,0
1,0,0,1,0
0,0,0,0,0
0,0,0,1,0
0,1,0,0,0
0,0,0,0,0
0,0,0,0,0
0,0,0,1,0
0,1,0,0,0
0,0,0,0,0
0,0,0,0,0
0,0,0,1,0
0,0,0,1,0
0,1,0,0,0
0,0,0,0,0
0,0,0,0,0
0,0,0,0,0
0,0,0,1,0
0,0,0,1,0
1,1,0,0,0
1,0,0,1,0
1,1,0,1,0
0,1,0,0,0
1,0,0,1,0
0,0,0,0,0
0,0,0,0,0
0,1,0,1,0
0,1,0,1,0
0,1,0,1,0
0,1,0,1,0
0,1,0,0,0
0,1,0,1,0
1,1,0,1,0
1,1,0,1,0
1,1,0,1,0
0,0,0,1,0
0,0,0,1,0
0,0,0,1,0
0,0,0,1,0
0,1,0,0,0
0,1,0,1,0
1,0,0,1,0
0,1,1,1,0
0,0,0,1,0
0,1,0,1,0
0,0,0,1,0
0,0,0,1,0
1,0,0,1,0
0,0,0,1,0
0,0,0,0,0
0,0,0,0,0
1,0,1,0,1
0,0,0,1,0
0,0,0,0,0
0,1,0,0,0
1,1,0,1,0
0,0,0,0,0
0,1,1,0,0
1,0,0,1,0
0,0,0,1,0
0,1,0,1,0
0,0,0,0,0
0,0,0,0,0
0,1,0,0,0
0,0,0,0,0
0,0,0,0,0
1,0,0,0,0
0,0,0,0,0
0,1,0,0,0
0,1,0,1,0
0,0,0,1,0
0,1,0,0,0
0,1,0,0,0
0,0,0,0,0
0,0,0,0,0
0,1,0,0,0
0,1,1,1,0
0,0,0,1,0
1,1,0,0,0
0,1,0,1,0
1,0,0,0,0
0,0,0,0,0
0,0,0,0,0
1,1,1,0,0
0,1,0,0,0
0,0,0,1,0
1,0,0,0,0
0,0,0,0,0
0,0,1,0,0
0,1,0,0,0
0,1,0,0,0
0,0,0,1,0
1,1,0,1,0
0,0,0,0,0
1,0,0,1,0
0,0,0,0,0
0,0,0,0,0
0,0,1,0,0
1,0,0,0,0
0,1,0,1,0
1,0,0,0,0
0,1,0,0,0
0,1,0,1,0
1,1,0,0,0
0,0,0,1,0
0,1,0,0,0
0,0,0,0,0
0,0,0,0,0
0,1,0,1,0
1,0,0,0,0
0,1,0,0,0
1,1,0,0,0
0,0,0,0,0
0,0,0,0,0
0,0,0,0,0
0,0,0,0,0
0,1,0,1,0
0,0,0,0,0
0,0,0,1,0
0,1,0,1,0
1,1,0,1,0
0,1,0,1,0
0,0,0,1,0
0,0,1,1,0
0,0,0,1,0
0,1,1,1,0
0,0,0,1,0
1,1,0,1,0
0,0,0,1,0
1,1,0,1,0
0,1,0,1,0
1,0,0,0,0
0,0,0,0,0
0,1,0,0,0
0,0,0,0,0
0,0,0,1,0
0,0,1,0,0
0,0,0,1,0
1,0,0,1,0
1,0,0,1,0
0,0,0,0,0
0,0,0,1,0
0,0,0,1,0
0,1,0,0,0
0,0,0,1,0
0,0,0,1,0
0,1,0,0,0
0,1,0,1,0
0,0,0,1,0
0,1,0,1,0
0,0,0,0,0
0,0,0,1,0
0,0,0,1,0
0,0,1,0,0
0,0,0,1,0
0,0,0,1,0
0,0,0,0,0
0,1,0,1,0
0,0,0,0,0
0,0,0,0,0
0,0,0,0,0
0,0,0,0,0
1,0,0,0,0
0,0,1,1,0
0,0,0,1,0
0,0,0,1,0
0,0,0,1,0
0,0,0,0,0
1,0,0,0,0
0,0,0,1,0
1,0,0,0,0
1,0,0,1,0
0,0,0,1,0
1,0,0,0,0
0,1,0,1,0
0,1,0,0,0
0,1,0,1,0
0,1,0,0,0
0,1,0,1,0
1,0,0,1,0
0,1,0,0,0
1,1,0,0,0
0,1,0,0,0
1,1,0,1,0
0,0,0,0,0
0,0,0,0,0
0,0,0,1,0
1,0,0,0,0
0,0,0,1,0
0,1,0,1,0
0,0,0,1,0
0,0,0,1,0
0,0,0,1,0
0,0,1,0,0
0,1,0,1,0
0,0,0,0,0
0,0,0,1,0
0,0,0,0,0
1,0,0,0,0
0,0,0,0,0
0,0,0,0,0
0,1,0,0,0
0,1,0,0,0
1,1,0,0,0
0,0,0,1,0
0,0,0,1,0
0,1,0,0,0
0,0,0,1,0
0,0,0,1,0
0,0,1,1,0
0,0,0,0,0
0,1,0,0,0
1,0,0,0,0
0,0,0,0,0
0,0,0,1,0
0,0,0,0,0
0,0,0,1,0
0,0,1,1,0
1,0,0,1,0
1,0,0,0,0
0,0,0,0,0
1,0,0,1,0
0,1,0,1,0
0,1,0,1,0
0,0,0,1,0
1,1,0,1,0
0,0,0,0,0
0,0,0,0,0
1,1,0,1,0
0,1,0,0,0
0,0,0,1,0
0,0,0,1,0
0,0,0,0,0
0,1,0,1,0
0,1,0,0,0
0,0,0,1,0
0,0,0,1,0
1,1,0,1,0
0,0,1,0,0
0,1,0,1,0
0,0,0,1,0
0,0,0,0,0
0,1,0,0,0
0,0,0,1,0
0,0,0,0,0
0,0,0,0,0
0,0,0,1,0
0,0,0,0,0
0,0,0,0,0
0,0,0,1,0
0,1,0,1,0
0,0,0,1,0
0,0,0,1,0
0,0,0,1,0
0,1,1,1,0
0,0,0,0,0
0,1,0,0,0
0,0,0,0,0
0,1,0,0,0
0,1,0,0,0
0,0,0,0,0
0,1,0,1,0
1,1,0,1,0
0,0,0,1,0
0,1,0,1,0
0,0,0,0,0
0,0,0,0,0
1,1,0,0,1
1,0,0,0,0
0,1,0,0,0
0,0,1,0,0
0,1,0,0,0
0,1,0,0,0
0,1,0,1,0
0,1,0,1,0
0,0,0,0,0
0,0,0,1,0
0,1,0,0,0
0,0,0,1,0
0,0,0,0,0
0,0,0,1,0
0,0,0,0,0
0,0,0,1,0
0,1,0,1,0
0,1,0,0,0
0,0,0,0,0
0,0,0,1,0
0,1,0,0,0
0,1,1,0,0
0,1,0,1,0
0,1,0,0,0
0,0,0,1,0
1,1,0,1,0
0,0,0,0,0
0,1,0,1,0
1,0,0,0,0
0,1,0,1,0
0,1,0,1,0
0,1,0,1,0
1,0,1,1,0
0,0,0,1,0
0,0,0,0,0
0,1,0,0,0
0,0,0,1,0
0,0,0,0,0
0,1,1,0,0
0,0,0,1,0
0,0,0,1,0
0,1,0,1,0
0,1,0,0,0
0,0,0,0,0
0,1,0,0,0
0,0,0,0,0
0,0,0,0,0
1,0,0,1,0
0,1,1,1,0
0,1,0,1,0
0,1,0,1,0
1,1,0,0,0
0,0,1,1,0
1,1,0,1,0
0,1,0,1,0
0,1,0,0,0
0,1,0,0,0
0,0,1,1,0
1,1,0,0,0
0,0,0,1,0
0,1,0,0,0
1,1,0,0,0
0,1,0,0,0
0,1,0,0,0
0,0,0,0,0
1,1,1,0,0
0,0,0,1,0
0,1,0,1,0
0,1,0,1,0
0,0,0,1,0
0,1,0,1,0
0,0,0,0,0
0,1,0,1,0
0,1,0,0,0
0,1,0,1,0
0,0,0,1,0
0,0,0,1,0
0,0,0,1,0
0,1,0,1,0
0,1,0,1,0
0,0,0,1,0
0,0,0,1,0
1,0,0,0,0
0,1,0,1,0
1,1,0,1,0
0,1,0,1,0
0,1,0,0,0
0,0,0,1,0
1,0,1,0,0
0,1,0,1,0
0,0,0,1,0
0,1,0,0,0
0,0,1,1,0
0,0,0,0,0
0,1,0,0,0
0,0,1,0,0
0,0,0,0,0
0,1,0,1,0
0,1,0,1,0
0,1,0,1,0
0,0,0,1,0
0,0,0,0,0
1,1,0,0,0
0,0,0,0,0
0,1,0,1,0
0,1,0,1,0
0,1,0,0,0
0,0,0,0,0
0,0,0,0,0
1,0,0,0,1
1,0,0,1,0
0,0,0,1,0
0,1,1,1,0
0,1,1,1,0
0,0,0,0,0
0,1,1,0,0
0,0,0,0,0
0,1,0,1,0
0,1,0,0,0
1,0,0,0,1
0,1,0,1,0
0,1,0,1,0
0,1,0,1,0
0,1,0,0,0
0,0,0,1,0
0,0,0,0,0
0,1,0,0,0
0,0,0,1,0
0,0,0,1,0
1,1,1,1,0
0,0,0,0,0
0,0,0,1,0
0,1,1,0,0
0,0,1,1,0
0,0,0,1,0
1,0,0,0,0
0,1,0,0,0
1,1,0,0,0
0,0,0,0,0
0,1,0,1,0
0,1,0,1,0
0,1,0,1,0
1,0,0,0,1
0,0,0,1,0
0,0,0,0,0
0,0,0,1,0
0,1,0,1,0
0,0,0,0,0
0,1,0,0,0
0,1,1,1,0
0,1,0,1,0
0,1,0,1,0
0,1,0,1,0
0,0,0,0,0
0,0,0,1,0
0,0,0,0,0
0,1,0,0,0
0,0,0,1,0
0,1,1,1,0
0,0,0,1,0
0,0,0,1,0
0,1,0,0,0
1,0,0,1,0
0,1,0,1,0
0,0,0,1,0
0,1,0,1,0
0,1,1,1,0
0,1,0,0,0
0,0,0,1,0
0,1,0,0,0
0,1,0,0,0
0,1,0,0,0
0,0,0,1,0
0,0,0,0,0
0,1,0,0,0
0,1,0,0,0
0,1,0,0,0
0,1,0,1,0
0,0,0,0,0
1,0,0,1,0
0,1,0,1,0
1,0,0,1,0
0,0,0,1,0
0,0,0,1,0
0,1,0,0,0
1,1,0,0,0
0,0,0,1,0
0,1,0,1,0
0,1,0,0,0
0,1,0,0,0
0,0,0,1,0
0,1,0,0,0
0,1,0,0,0
0,0,0,1,0
0,1,0,1,0
1,0,0,1,0
0,0,0,1,0
0,1,0,1,0
1,0,0,1,0
0,0,0,1,0
1,1,0,1,0
1,1,0,1,0
0,1,0,0,0
0,1,0,1,0
0,0,1,1,0
0,1,0,0,0
0,1,0,1,0
0,0,0,0,0
0,1,0,0,0
0,1,0,1,0
0,1,0,1,0
0,1,0,1,0
1,0,0,0,0
0,1,0,0,0
1,1,0,1,0
0,1,0,1,0
0,1,0,0,0
0,1,0,0,0
0,1,0,1,0
0,0,0,1,0
0,1,0,0,0
0,1,0,1,0
0,0,0,0,0
0,0,0,1,0
0,0,0,1,0
0,0,0,0,0
0,1,0,1,0
0,0,0,1,0
0,0,0,1,0
0,0,0,0,0
0,0,0,0,0
0,0,0,0,0
0,0,0,1,0
0,1,1,0,0
0,1,0,0,0
0,0,0,0,0
0,1,0,0,0
0,0,0,1,0
0,1,0,1,0
0,0,0,0,0
0,1,0,0,0
0,1,0,0,0
0,0,0,0,0
0,0,0,0,0
0,1,0,1,0
0,1,0,0,0
0,1,0,0,0
0,1,0,0,0
0,1,0,0,0
0,0,0,0,0
0,1,0,0,0
0,1,0,0,0
0,1,0,0,0
0,1,0,0,0
0,0,0,0,0
0,0,0,0,0
0,0,0,0,0
0,0,0,0,0
0,0,0,0,0
0,1,0,0,0
0,1,0,0,0
0,1,0,0,0
0,1,0,0,0
0,0,0,0,0
0,0,0,0,0
0,1,0,1,0
1,0,0,1,0
1,1,1,0,0
0,0,0,0,0
0,0,0,1,0
1,0,0,0,0
0,0,0,0,1
1,0,0,0,0
0,0,0,1,0
1,0,0,0,0
0,0,0,1,0
1,0,0,0,0
1,0,0,0,1
0,0,0,1,0
1,0,0,1,0
0,0,0,1,0
0,0,0,1,0
0,0,0,1,0
1,1,1,1,0
0,0,1,1,0
0,0,0,1,0
0,0,0,0,0
1,0,0,1,0
0,0,0,1,0
0,1,0,1,0
1,0,0,1,0
0,1,0,1,0
1,1,1,0,0
0,0,0,1,0
0,0,0,1,0
0,0,0,1,0
0,1,0,1,0
0,1,0,0,0
0,1,0,1,0
0,1,0,1,0
0,1,0,1,0
1,1,0,1,0
1,1,0,0,0
1,1,0,1,0
0,0,0,1,0
0,0,0,1,0
0,0,0,1,0
0,0,0,1,0
0,1,0,1,0
0,0,0,1,0
1,0,0,1,0
1,0,0,0,0
0,0,0,1,0
0,1,0,1,0
0,0,0,1,0
1,1,0,1,0
1,0,1,1,0
0,1,0,1,0
1,0,0,1,0
0,1,0,1,0
0,0,0,0,0
0,0,0,1,0
0,0,0,0,0
0,0,0,0,1
0,0,0,1,0
0,0,0,1,0
1,0,0,1,0
0,1,0,1,0
0,0,0,1,0
1,0,0,0,0
0,0,0,1,0
0,0,0,0,0
0,1,0,0,0
1,1,1,0,0
0,0,0,1,0
1,0,0,0,0
0,0,0,0,0
1,0,0,1,0
0,0,0,0,1
0,1,0,1,0
0,0,0,0,0
1,1,0,1,0
1,1,0,1,0
0,0,0,1,0
0,1,0,0,0
1,0,0,1,0
0,0,0,1,0
0,0,0,1,0
0,0,0,1,0
0,1,0,0,0
1,0,0,1,0
0,1,0,0,0
0,0,0,1,0
0,0,0,1,0
0,1,0,1,0
0,0,0,0,0
0,0,0,1,0
1,0,0,1,0
0,0,0,1,0
0,0,0,1,0
0,0,0,1,0
0,1,0,1,1
0,0,1,1,0
1,1,1,1,0
0,0,0,1,0
0,1,1,1,0
0,1,0,1,0
0,0,0,1,0
0,0,1,0,0
0,1,0,1,0
1,1,0,1,0
1,0,0,1,0
0,0,0,1,0
0,1,0,0,0
1,0,0,1,0
0,1,0,1,0
0,1,0,1,0
0,0,1,1,0
0,0,0,1,0
0,1,0,0,0
0,1,0,1,0
1,0,0,1,0
1,0,0,0,1
0,1,0,1,0
0,1,0,1,0
0,0,1,1,0
0,0,0,1,0
0,0,1,1,0
0,0,0,1,0
1,0,1,0,0
0,0,0,1,0
0,0,0,1,0
1,0,1,0,0
0,0,0,1,0
0,0,0,0,0
1,0,0,0,0
0,0,0,1,0
1,0,1,1,0
1,1,1,0,0
0,0,0,1,0
1,0,0,1,0
0,0,0,1,0
1,1,0,1,0
1,0,0,1,0
0,0,0,1,0
1,0,0,1,0
0,1,0,1,0
0,0,0,1,0
0,0,0,1,0
0,0,0,1,0
0,0,0,1,0
0,0,0,1,0
0,0,0,1,0
1,0,0,1,0
0,0,0,1,0
1,0,0,1,0
1,0,0,0,0
0,0,0,1,0
1,0,0,0,0
0,0,0,1,0
0,0,0,1,0
0,0,0,1,0
0,0,0,1,0
0,0,0,1,0
0,0,0,1,0
1,1,1,0,0
0,0,0,1,0
0,0,0,1,0
0,0,0,1,0
1,1,0,1,0
0,1,0,1,0
0,0,0,1,0
0,1,0,1,0
0,1,0,1,0
1,1,0,1,0
0,0,0,0,0
0,0,0,1,0
0,1,0,1,0
0,0,0,1,0
0,0,0,1,0
0,0,0,1,0
0,0,0,1,0
0,0,0,1,0
1,0,1,0,0
0,0,0,1,0
0,0,1,1,0
1,0,0,1,0
0,0,0,1,0
0,0,0,1,0
0,0,0,0,0
0,0,0,1,0
0,0,0,1,0
0,0,0,0,0
0,0,0,1,0
1,0,0,1,0
0,0,0,1,0
0,0,0,0,0
1,0,0,1,0
1,0,0,1,0
0,0,0,1,0
1,0,0,0,0
0,0,0,1,0
0,0,0,0,0
0,0,0,0,0
1,0,0,1,0
1,0,0,0,0
1,1,0,0,0
1,0,0,0,0
1,1,0,1,0
0,1,0,1,0
0,0,0,1,0
1,0,0,1,0
1,0,0,0,0
0,0,0,1,0
0,0,0,1,0
0,0,0,0,0
0,0,0,1,0
0,0,0,0,0
0,0,0,0,0
0,1,0,0,0
0,0,0,0,0
0,0,0,1,0
0,0,0,0,0
1,1,0,1,0
0,0,0,0,0
0,0,0,1,0
1,0,1,0,0
0,1,0,0,0
0,0,0,1,0
0,1,0,1,0
0,1,0,1,0
1,0,1,1,0
1,0,0,0,0
0,0,0,0,0
0,1,0,0,0
0,0,0,1,0
0,0,0,1,1
1,0,0,1,0
0,0,0,1,0
0,1,0,1,0
0,0,0,1,0
1,0,1,0,0
0,1,0,0,0
0,0,1,1,0
0,0,0,1,0
0,1,0,1,0
0,0,0,1,0
0,0,0,1,0
1,1,0,1,0
0,0,0,1,0
0,0,0,1,0
1,0,0,0,0
1,0,0,1,0
0,0,0,1,0
0,0,0,1,1
0,0,0,1,0
1,0,0,1,1
0,0,0,0,0
1,0,1,1,0
0,0,0,1,0
1,0,0,1,0
0,0,0,1,0
0,0,0,1,0
0,0,0,1,0
0,1,0,0,0
0,0,0,0,0
0,0,0,1,0
1,0,0,1,0
0,1,0,1,0
1,1,0,0,0
1,0,0,0,0
0,0,0,1,0
0,0,0,1,1
0,0,1,0,0
0,1,0,0,0
0,0,0,1,0
0,0,0,1,0
0,0,0,1,0
1,1,0,1,0
1,0,0,1,0
0,0,0,1,0
1,1,0,1,0
0,0,0,1,0
0,0,0,1,0
0,0,1,0,0
0,0,0,1,0
1,0,0,1,1
0,1,0,1,0
1,0,1,1,0
0,0,0,1,0
0,0,0,1,0
1,0,0,1,0
1,0,0,1,0
0,0,0,0,0
0,0,0,1,0
0,0,0,1,0
0,0,0,1,0
0,0,0,1,0
1,1,0,1,0
0,0,0,1,0
0,0,1,1,0
0,0,0,1,0
1,0,0,0,1
0,0,1,1,0
0,0,0,0,0
1,0,0,1,0
0,0,0,1,0
0,1,0,0,0
1,0,0,1,0
1,0,0,1,0
0,0,0,1,0
0,0,0,1,0
1,1,0,0,0
1,1,0,1,0
0,0,0,1,0
0,0,0,1,0
1,0,1,1,0
0,0,1,1,0
0,1,1,1,0
0,1,0,1,0
1,0,0,0,0
0,0,0,1,0
0,0,0,0,0
1,1,1,0,0
1,0,0,0,0
1,1,0,1,0
0,0,0,1,0
0,0,0,0,0
0,1,0,0,0
1,0,0,1,0
0,1,0,0,0
0,0,0,1,0
0,0,0,0,0
1,1,0,0,0
0,0,0,1,0
1,0,0,1,0
0,0,0,1,0
0,0,0,1,0
1,0,0,0,0
0,0,1,0,0
1,0,0,0,0
1,0,0,0,0
1,1,0,1,0
0,1,0,0,0
0,0,0,1,0
1,0,0,0,0
0,0,0,1,0
0,0,0,1,0
0,1,0,0,0
1,0,0,1,0
0,0,0,0,0
0,0,0,0,0
1,0,0,1,0
1,0,0,1,0
0,0,0,0,0
0,0,0,1,0
0,0,0,1,0
1,0,0,1,0
0,0,0,0,0
0,0,0,0,0
0,1,0,0,0
0,0,0,0,0
0,0,0,1,0
1,0,0,1,0
0,0,0,1,0
0,0,0,1,0
0,0,0,1,0
0,0,0,1,0
0,0,0,0,0
0,0,0,1,0
1,0,0,0,0
1,0,0,0,0
0,0,0,0,0
0,0,0,0,0
0,0,0,1,0
0,0,0,1,0
0,0,0,1,0
0,0,0,0,0
0,0,0,0,0
0,0,1,1,0
0,0,0,1,0
0,0,0,1,0
0,0,0,1,0
0,0,0,0,0
0,0,0,0,0
0,0,0,1,0
0,0,0,1,0
0,0,1,0,0
0,0,0,0,0
1,1,0,1,0
0,0,1,1,0
0,0,0,1,0
0,0,0,0,0
0,0,0,1,0
0,0,0,1,0
1,0,0,1,0
0,0,0,1,0
0,0,0,1,0
0,0,0,1,0
0,0,0,1,0
0,0,0,0,0
0,1,0,0,0
0,0,0,1,0
0,0,0,1,0
0,0,0,0,0
0,0,0,1,0
0,0,0,1,0
1,0,0,1,0
0,0,0,0,0
0,0,0,0,0
0,0,0,1,0
0,0,0,0,0
0,0,0,1,0
0,0,0,0,0
0,0,0,0,0
0,0,0,1,0
0,1,0,1,0
0,0,0,1,0
0,1,0,1,0
0,0,0,1,0
1,1,0,0,0
0,0,0,1,0
0,1,0,1,0
0,0,0,1,0
0,1,0,1,0
0,0,0,1,0
0,0,0,0,0
0,0,0,0,0
0,0,0,0,0
0,0,0,1,0
1,0,0,0,0
0,0,0,0,0
1,0,0,1,1
0,0,0,1,0
0,0,0,1,0
0,0,0,0,0
0,0,0,0,0
1,0,0,0,0
0,0,0,1,0
0,0,0,1,0
1,1,0,1,0
0,0,0,1,0
0,0,0,0,0
1,0,0,0,0
1,0,0,1,0
0,0,0,1,0
0,0,0,1,0
1,0,0,1,0
0,0,0,1,0
0,0,0,1,0
0,1,0,0,0
1,0,0,1,0
0,0,0,1,0
0,0,0,1,0
0,0,0,1,0
1,0,0,0,0
0,0,0,1,0
0,0,1,1,0
0,0,0,0,0
0,0,0,1,0
0,0,0,1,0
1,1,1,0,0
0,0,1,1,0
0,0,0,1,0
1,1,0,0,0
0,0,0,1,0
0,1,0,1,0
0,0,0,1,0
0,0,0,1,0
0,0,0,1,0
0,0,0,1,0
0,0,0,1,0
0,0,0,0,0
0,0,0,1,0
0,0,0,1,0
0,0,0,1,0
0,0,0,1,0
0,0,0,1,0
0,0,0,1,0
0,0,0,1,0
0,0,0,1,0
0,0,0,1,0
0,1,0,0,0
0,0,0,0,0
0,0,0,0,0
1,0,0,0,0
0,0,0,1,0
0,1,0,1,0
0,0,0,1,0
0,0,0,1,0
1,0,0,0,0
0,1,0,0,0
0,0,0,1,0
0,0,0,0,0
1,0,0,0,0
0,0,0,1,0
0,0,0,1,0
0,0,0,0,0
0,0,0,1,0
1,0,0,0,0
0,0,0,0,0
0,1,0,1,0
0,0,0,1,0
0,0,0,1,0
0,0,0,1,0
0,0,0,1,0
0,0,0,1,0
1,0,0,1,0
0,1,0,1,0
0,0,0,1,0
0,0,0,1,0
