acc,acc_labels,aux,aux_batch,bce_loss,cell,cell_size,epoch,exp,f1,f1_labels,freeze_mode,loss,lr,mask_use,prec,prec_labels,prob,recall,recall_labels,std_loss,train_mode
0.5719267654751525,"[0.7066259808195292, 0.4372275501307759]",0.0,4.0,0.5533082848009856,0.0,[56],0.0,0.0,0.15399184161139223,"[0.10146862483311052, 0.20651505838967396]",0.0,0.5533082848009856,0.0001,0.0,0.4357142857142857,"[0.2714285714285714, 0.6]",0.1,0.09355948815283736,"[0.06239737274220033, 0.12472160356347439]",0.0,train
0.5866666666666667,"[0.7566666666666667, 0.4166666666666667]",0.0,4.0,0.5355596939722697,0.0,[56],0.0,0.0,0.016574585635359088,"[0.0, 0.033149171270718175]",0.0,0.5355596939722697,0.0001,0.0,0.29999999999999993,"[0.0, 0.5999999999999999]",0.1,0.008522727272727272,"[0.0, 0.017045454545454544]",0.0,valid
0.5769398430688752,"[0.7340889276373147, 0.4197907585004359]",0.0,4.0,0.5421505505624025,0.0,[56],1.0,0.0,0.02251231666172585,"[0.003267973856209141, 0.04175665946724256]",0.0,0.5421505505624025,0.0001,0.0,0.5119047619047619,"[0.33333333333333326, 0.6904761904761905]",0.1,0.011585680274721056,"[0.0016420361247947454, 0.021529324424647365]",0.0,train
0.5866666666666667,"[0.7466666666666667, 0.4266666666666667]",0.0,4.0,0.5254050691922506,0.0,[56],1.0,0.0,0.05208333333333325,"[0.0, 0.1041666666666665]",0.0,0.5254050691922506,0.0001,0.0,0.3125,"[0.0, 0.625]",0.1,0.028409090909090908,"[0.0, 0.056818181818181816]",0.0,valid
0.5819529206625981,"[0.7345248474280732, 0.4293809938971229]",0.0,4.0,0.5361708402633667,0.0,[56],2.0,0.0,0.05566734184843557,"[0.009756097560975589, 0.10157858613589554]",0.0,0.5361708402633667,0.0001,0.0,0.5863636363636363,"[0.49999999999999994, 0.6727272727272727]",0.1,0.02993150259105255,"[0.0049261083743842365, 0.05493689680772086]",0.0,train
0.5983333333333334,"[0.7533333333333333, 0.44333333333333336]",0.0,4.0,0.5283126632372538,0.0,[56],2.0,0.0,0.058201058201058135,"[0.0, 0.11640211640211627]",0.0,0.5283126632372538,0.0001,0.0,0.423076923076923,"[0.0, 0.846153846153846]",0.1,0.03125,"[0.0, 0.0625]",0.0,valid
0.5889276373147341,"[0.7332170880557978, 0.44463818657367044]",0.0,4.0,0.5253295742947123,0.0,[56],3.0,0.0,0.06829533116178059,"[0.0032573289902279967, 0.1333333333333332]",0.0,0.5253295742947123,0.0001,0.0,0.4983739837398374,"[0.19999999999999996, 0.7967479674796748]",0.1,0.0371981524350774,"[0.0016420361247947454, 0.07275426874536006]",0.0,train
0.605,"[0.7566666666666667, 0.4533333333333333]",0.0,4.0,0.526113748550415,0.0,[56],3.0,0.0,0.08585858585858576,"[0.0, 0.17171717171717152]",0.0,0.526113748550415,0.0001,0.0,0.38636363636363635,"[0.0, 0.7727272727272727]",0.1,0.048295454545454544,"[0.0, 0.09659090909090909]",0.0,valid
0.5887096774193549,"[0.7306015693112468, 0.44681778552746293]",0.0,4.0,0.5305755358675251,0.0,[56],4.0,0.0,0.07823217889271035,"[0.0064308681672025315, 0.15003348961821816]",0.0,0.5305755358675251,0.0001,0.0,0.46048472075869334,"[0.15384615384615383, 0.7671232876712328]",0.1,0.04321590397928621,"[0.003284072249589491, 0.08314773570898293]",0.0,train
0.605,"[0.7566666666666667, 0.4533333333333333]",0.0,4.0,0.5206948220729828,0.0,[56],4.0,0.0,0.09405940594059395,"[0.0, 0.1881188118811879]",0.0,0.5206948220729828,0.0001,0.0,0.36538461538461536,"[0.0, 0.7307692307692307]",0.1,0.05397727272727273,"[0.0, 0.10795454545454546]",0.0,valid
0.597646033129904,"[0.7345248474280732, 0.46076721883173494]",0.0,4.0,0.5259405931700831,0.0,[56],5.0,0.0,0.11736370993502233,"[0.01615508885298866, 0.218572331017056]",0.0,0.5259405931700831,0.0001,0.0,0.6165254237288136,"[0.4999999999999999, 0.7330508474576272]",0.1,0.06832186833722814,"[0.008210180623973728, 0.12843355605048257]",0.0,train
0.6083333333333334,"[0.75, 0.4666666666666667]",0.0,4.0,0.5224478244781494,0.0,[56],5.0,0.0,0.11298701298701283,"[0.02597402597402587, 0.1999999999999998]",0.0,0.5224478244781494,0.0001,0.0,0.5416666666666666,"[0.24999999999999994, 0.8333333333333334]",0.1,0.06366749688667497,"[0.0136986301369863, 0.11363636363636363]",0.0,valid
0.5948125544899738,"[0.7310374891020053, 0.45858761987794244]",0.0,4.0,0.5300581247910209,0.0,[56],6.0,0.0,0.11027919584092208,"[0.00963081861958262, 0.21092757306226154]",0.0,0.5300581247910209,0.0001,0.0,0.47278162366268095,"[0.21428571428571425, 0.7312775330396476]",0.1,0.06408146547152768,"[0.0049261083743842365, 0.12323682256867112]",0.0,train
0.615,"[0.7566666666666667, 0.47333333333333333]",0.0,4.0,0.5225513776143392,0.0,[56],6.0,0.0,0.14090909090909076,"[0.0, 0.2818181818181815]",0.0,0.5225513776143392,0.0001,0.0,0.3522727272727273,"[0.0, 0.7045454545454546]",0.1,0.08806818181818182,"[0.0, 0.17613636363636365]",0.0,valid
0.6044027898866609,"[0.7327811682650393, 0.47602441150828245]",0.0,4.0,0.5261519732682601,0.0,[56],7.0,0.0,0.15111906098829303,"[0.052550231839258, 0.24968789013732806]",0.0,0.5261519732682601,0.0001,0.0,0.6158410732714138,"[0.4473684210526316, 0.7843137254901961]",0.1,0.08819635680091865,"[0.027914614121510674, 0.14847809948032664]",0.0,train
0.6133333333333333,"[0.7533333333333333, 0.47333333333333333]",0.0,4.0,0.5221501588821411,0.0,[56],7.0,0.0,0.1273584905660376,"[0.0, 0.2547169811320752]",0.0,0.5221501588821411,0.0001,0.0,0.375,"[0.0, 0.75]",0.1,0.07670454545454546,"[0.0, 0.1534090909090909]",0.0,valid
0.6057105492589363,"[0.7323452484742807, 0.479075850043592]",0.0,4.0,0.5219366861426312,0.0,[56],8.0,0.0,0.138499040762643,"[0.009677419354838675, 0.2673206621704473]",0.0,0.5219366861426312,0.0001,0.0,0.5201664532650447,"[0.2727272727272727, 0.7676056338028169]",0.1,0.08338361840397014,"[0.0049261083743842365, 0.16184112843355605]",0.0,train
0.62,"[0.75, 0.49]",0.0,4.0,0.5211951235930125,0.0,[56],8.0,0.0,0.15068493150684917,"[0.0, 0.30136986301369834]",0.0,0.5211951235930125,0.0001,0.0,0.38372093023255816,"[0.0, 0.7674418604651163]",0.1,0.09375,"[0.0, 0.1875]",0.0,valid
0.6187881429816913,"[0.7336530078465562, 0.5039232781168265]",0.0,4.0,0.5260450192119764,0.0,[56],9.0,0.0,0.1876985691107585,"[0.037795275590551104, 0.33760186263096587]",0.0,0.5260450192119764,0.0001,0.0,0.6216048102840556,"[0.46153846153846156, 0.7816711590296496]",0.1,0.1174988388720053,"[0.019704433497536946, 0.21529324424647364]",0.0,train
0.6116666666666667,"[0.7466666666666667, 0.4766666666666667]",0.0,4.0,0.5276367664337158,0.0,[56],9.0,0.0,0.14770423375074515,"[0.02564102564102552, 0.2697674418604648]",0.0,0.5276367664337158,0.0001,0.0,0.4717948717948718,"[0.19999999999999996, 0.7435897435897436]",0.1,0.08923567870485678,"[0.0136986301369863, 0.16477272727272727]",0.0,valid
0.6139930252833479,"[0.7358326068003488, 0.492153443766347]",0.0,4.0,0.5195551851521367,0.0,[56],10.0,0.0,0.1752821276627672,"[0.04113924050632905, 0.30942501481920537]",0.0,0.5195551851521367,0.0001,0.0,0.6664322250639386,"[0.5652173913043478, 0.7676470588235295]",0.1,0.10755519472207899,"[0.021346469622331693, 0.19376391982182628]",0.0,train
0.62,"[0.7533333333333333, 0.4866666666666667]",0.0,4.0,0.534150759379069,0.0,[56],10.0,0.0,0.1783752860411897,"[0.026315789473684133, 0.3304347826086953]",0.0,0.534150759379069,0.0001,0.0,0.5185185185185185,"[0.33333333333333326, 0.7037037037037037]",0.1,0.1148038605230386,"[0.0136986301369863, 0.2159090909090909]",0.0,valid
0.6179163034001743,"[0.7314734088927637, 0.504359197907585]",0.0,4.0,0.5207090209359708,0.0,[56],11.0,0.0,0.17883860784117545,"[0.01910828025477701, 0.3385689354275739]",0.0,0.5207090209359708,0.0001,0.0,0.5490237691001698,"[0.3157894736842105, 0.782258064516129]",0.1,0.11294392574632187,"[0.009852216748768473, 0.21603563474387527]",0.0,train
0.6266666666666667,"[0.7466666666666667, 0.5066666666666667]",0.0,4.0,0.5273353656133016,0.0,[56],11.0,0.0,0.18376068376068358,"[0.0, 0.36752136752136716]",0.0,0.5273353656133016,0.0001,0.0,0.3706896551724138,"[0.0, 0.7413793103448276]",0.1,0.12215909090909091,"[0.0, 0.24431818181818182]",0.0,valid
0.6137750653879686,"[0.7301656495204882, 0.497384481255449]",0.0,4.0,0.5178695010102313,0.0,[56],12.0,0.0,0.17019147088480294,"[0.019017432646592645, 0.3213655091230132]",0.0,0.5178695010102313,0.0001,0.0,0.5241477272727273,"[0.2727272727272727, 0.7755681818181818]",0.1,0.10626241126970717,"[0.009852216748768473, 0.2026726057906459]",0.0,train
0.635,"[0.7533333333333333, 0.5166666666666667]",0.0,4.0,0.5144735674063364,0.0,[56],12.0,0.0,0.1937746348249476,"[0.026315789473684133, 0.3612334801762111]",0.0,0.5144735674063364,0.0001,0.0,0.5686274509803921,"[0.33333333333333326, 0.803921568627451]",0.1,0.12332658779576587,"[0.0136986301369863, 0.23295454545454544]",0.0,valid
0.6229293809938972,"[0.7332170880557978, 0.5126416739319966]",0.0,4.0,0.521567895360615,0.0,[56],13.0,0.0,0.21185479888435213,"[0.04968944099378871, 0.37402015677491557]",0.0,0.521567895360615,0.0001,0.0,0.6089814513504719,"[0.45714285714285713, 0.7608200455580866]",0.1,0.1371155020644307,"[0.026272577996715927, 0.2479584261321455]",0.0,train
0.615,"[0.74, 0.49]",0.0,4.0,0.5311739444732666,0.0,[56],13.0,0.0,0.196064063644928,"[0.04878048780487785, 0.34334763948497815]",0.0,0.5311739444732666,0.0001,0.0,0.4619883040935672,"[0.22222222222222218, 0.7017543859649122]",0.1,0.12733499377334995,"[0.0273972602739726, 0.22727272727272727]",0.0,valid
0.6205318221447254,"[0.7332170880557978, 0.507846556233653]",0.0,4.0,0.5151934727378513,0.0,[56],14.0,0.0,0.1804845862871751,"[0.02547770700636937, 0.3354914655679808]",0.0,0.5151934727378513,0.0001,0.0,0.6153558612440191,"[0.42105263157894735, 0.8096590909090909]",0.1,0.11235879037891172,"[0.013136288998357963, 0.21158129175946547]",0.0,train
0.6266666666666667,"[0.7533333333333333, 0.5]",0.0,4.0,0.5285548567771912,0.0,[56],14.0,0.0,0.18988203266787634,"[0.026315789473684133, 0.35344827586206856]",0.0,0.5285548567771912,0.0001,0.0,0.5327380952380951,"[0.33333333333333326, 0.7321428571428571]",0.1,0.12332658779576587,"[0.0136986301369863, 0.23295454545454544]",0.0,valid
0.6360069747166521,"[0.7323452484742807, 0.5396687009590235]",0.0,4.0,0.5179343223571777,0.0,[56],15.0,0.0,0.23552285598705475,"[0.04062499999999991, 0.4304207119741096]",0.0,0.5179343223571777,0.0001,0.0,0.6031685436151938,"[0.41935483870967744, 0.7869822485207101]",0.1,0.1587801390427917,"[0.021346469622331693, 0.2962138084632517]",0.0,train
0.625,"[0.7433333333333333, 0.5066666666666667]",0.0,4.0,0.5318452914555868,0.0,[56],15.0,0.0,0.19369271060672172,"[0.02531645569620239, 0.36206896551724105]",0.0,0.5318452914555868,0.0001,0.0,0.4583333333333333,"[0.16666666666666663, 0.75]",0.1,0.12616749688667497,"[0.0136986301369863, 0.23863636363636365]",0.0,valid
0.6144289450741064,"[0.7323452484742807, 0.496512641673932]",0.0,4.0,0.5222441502239393,0.0,[56],16.0,0.0,0.1786695986805935,"[0.043613707165108935, 0.3137254901960781]",0.0,0.5222441502239393,0.0001,0.0,0.604978354978355,"[0.42424242424242425, 0.7857142857142857]",0.1,0.1094897985305788,"[0.022988505747126436, 0.19599109131403117]",0.0,train
0.62,"[0.7466666666666667, 0.49333333333333335]",0.0,4.0,0.5323335528373718,0.0,[56],16.0,0.0,0.197413793103448,"[0.04999999999999984, 0.3448275862068962]",0.0,0.5323335528373718,0.0001,0.0,0.5,"[0.2857142857142857, 0.7142857142857143]",0.1,0.12733499377334995,"[0.0273972602739726, 0.22727272727272727]",0.0,valid
0.6268526591107236,"[0.7297297297297297, 0.5239755884917175]",0.0,4.0,0.5144107160360917,0.0,[56],17.0,0.0,0.2290853318460678,"[0.04907975460122686, 0.4090909090909087]",0.0,0.5144107160360917,0.0001,0.0,0.5632920206099429,"[0.37209302325581395, 0.7544910179640718]",0.1,0.15344809300726667,"[0.026272577996715927, 0.2806236080178174]",0.0,train
0.6283333333333334,"[0.75, 0.5066666666666667]",0.0,4.0,0.5210619866847992,0.0,[56],17.0,0.0,0.21175713366230398,"[0.050632911392404924, 0.372881355932203]",0.0,0.5210619866847992,0.0001,0.0,0.5333333333333332,"[0.33333333333333326, 0.7333333333333333]",0.1,0.1386986301369863,"[0.0273972602739726, 0.25]",0.0,valid
0.6248910200523103,"[0.7310374891020053, 0.5187445510026155]",0.0,4.0,0.5162841820198557,0.0,[56],18.0,0.0,0.20528856472343288,"[0.025276461295418568, 0.3853006681514472]",0.0,0.5162841820198557,0.0001,0.0,0.5519673348181143,"[0.3333333333333333, 0.7706013363028953]",0.1,0.13500170054966154,"[0.013136288998357963, 0.25686711210096513]",0.0,train
0.625,"[0.7366666666666667, 0.5133333333333333]",0.0,4.0,0.5294044216473898,0.0,[56],18.0,0.0,0.18260869565217372,"[0.0, 0.36521739130434744]",0.0,0.5294044216473898,0.0001,0.0,0.3888888888888889,"[0.0, 0.7777777777777778]",0.1,0.11931818181818182,"[0.0, 0.23863636363636365]",0.0,valid
0.6246730601569311,"[0.7323452484742807, 0.5170008718395815]",0.0,4.0,0.513039020092591,0.0,[56],19.0,0.0,0.20667602309336197,"[0.043613707165108935, 0.369738339021615]",0.0,0.513039020092591,0.0001,0.0,0.6074983410749835,"[0.42424242424242425, 0.7907542579075426]",0.1,0.13213270870132862,"[0.022988505747126436, 0.2412769116555308]",0.0,train
0.6233333333333333,"[0.7533333333333333, 0.49333333333333335]",0.0,4.0,0.526300698518753,0.0,[56],19.0,0.0,0.17687470889613394,"[0.026315789473684133, 0.32743362831858375]",0.0,0.526300698518753,0.0001,0.0,0.5366666666666666,"[0.33333333333333326, 0.74]",0.1,0.11196295143212952,"[0.0136986301369863, 0.21022727272727273]",0.0,valid
0.6257628596338274,"[0.7292938099389712, 0.5222319093286836]",0.0,4.0,0.5175211533256199,0.0,[56],20.0,0.0,0.21610899540155223,"[0.04314329738058541, 0.38907469342251905]",0.0,0.5175211533256199,0.0001,0.0,0.5653803131991051,"[0.35, 0.7807606263982103]",0.1,0.1410413946701482,"[0.022988505747126436, 0.25909428359317]",0.0,train
0.6283333333333333,"[0.7633333333333333, 0.49333333333333335]",0.0,4.0,0.5272022386391958,0.0,[56],20.0,0.0,0.19623188405797082,"[0.05333333333333326, 0.33913043478260835]",0.0,0.5272022386391958,0.0001,0.0,0.8611111111111109,"[0.9999999999999996, 0.7222222222222222]",0.1,0.12449408468244084,"[0.0273972602739726, 0.2215909090909091]",0.0,valid
0.6344812554489974,"[0.7297297297297297, 0.539232781168265]",0.0,4.0,0.5171823449756788,0.0,[56],21.0,0.0,0.22053795738142837,"[0.01898734177215183, 0.4220885729907049]",0.0,0.5171823449756788,0.0001,0.0,0.5308497203680318,"[0.2608695652173913, 0.8008298755186722]",0.1,0.14820747437289944,"[0.009852216748768473, 0.2865627319970304]",0.0,train
0.6216666666666666,"[0.7433333333333333, 0.5]",0.0,4.0,0.5255376895268759,0.0,[56],21.0,0.0,0.200158227848101,"[0.02531645569620239, 0.3749999999999996]",0.0,0.5255376895268759,0.0001,0.0,0.4348958333333333,"[0.16666666666666663, 0.703125]",0.1,0.13469022415940224,"[0.0136986301369863, 0.2556818181818182]",0.0,valid
0.6357890148212729,"[0.7284219703574543, 0.5431560592850916]",0.0,4.0,0.5192040684430496,0.0,[56],22.0,0.0,0.2496519938893031,"[0.06033182503770724, 0.43897216274089895]",0.0,0.5192040684430496,0.0001,0.0,0.5786592734769318,"[0.37037037037037035, 0.7869481765834933]",0.1,0.16861041321528228,"[0.03284072249589491, 0.30438010393466963]",0.0,train
0.6266666666666667,"[0.7466666666666667, 0.5066666666666667]",0.0,4.0,0.5288461049397787,0.0,[56],22.0,0.0,0.19658119658119633,"[0.02564102564102552, 0.36752136752136716]",0.0,0.5288461049397787,0.0001,0.0,0.4706896551724138,"[0.19999999999999996, 0.7413793103448276]",0.1,0.12900840597758406,"[0.0136986301369863, 0.24431818181818182]",0.0,valid
0.6198779424585876,"[0.7301656495204882, 0.509590235396687]",0.0,4.0,0.5169443423333375,0.0,[56],23.0,0.0,0.19069277982549618,"[0.03129890453834107, 0.3500866551126513]",0.0,0.5169443423333375,0.0001,0.0,0.5611979166666666,"[0.3333333333333333, 0.7890625]",0.1,0.12068234098032117,"[0.016420361247947456, 0.22494432071269488]",0.0,train
0.61,"[0.7466666666666667, 0.47333333333333333]",0.0,4.0,0.5331147909164429,0.0,[56],23.0,0.0,0.17230327144120222,"[0.02564102564102552, 0.31896551724137895]",0.0,0.5331147909164429,0.0001,0.0,0.4303571428571428,"[0.19999999999999996, 0.6607142857142857]",0.1,0.11196295143212952,"[0.0136986301369863, 0.21022727272727273]",0.0,valid
0.6323016564952049,"[0.7323452484742807, 0.532258064516129]",0.0,4.0,0.5126992386320363,0.0,[56],24.0,0.0,0.23816181659678667,"[0.05538461538461526, 0.4209390178089581]",0.0,0.5126992386320363,0.0001,0.0,0.6048876891930974,"[0.43902439024390244, 0.7707509881422925]",0.1,0.15954447211647121,"[0.029556650246305417, 0.289532293986637]",0.0,train
0.6283333333333334,"[0.74, 0.5166666666666667]",0.0,4.0,0.5226806302865347,0.0,[56],24.0,0.0,0.19590611353711768,"[0.024999999999999842, 0.3668122270742355]",0.0,0.5226806302865347,0.0001,0.0,0.46765498652291104,"[0.14285714285714285, 0.7924528301886793]",0.1,0.12616749688667497,"[0.0136986301369863, 0.23863636363636365]",0.0,valid
0.6403661726242371,"[0.7323452484742807, 0.5483870967741935]",0.0,4.0,0.5119161877943121,0.0,[56],25.0,0.0,0.24952869452496002,"[0.049535603715170164, 0.44952178533474985]",0.0,0.5119161877943121,0.0001,0.0,0.6115433190199546,"[0.43243243243243246, 0.7906542056074767]",0.1,0.1701518791988034,"[0.026272577996715927, 0.31403118040089084]",0.0,train
0.6333333333333333,"[0.7466666666666667, 0.52]",0.0,4.0,0.5166694720586141,0.0,[56],25.0,0.0,0.21029950441715117,"[0.02564102564102552, 0.39495798319327685]",0.0,0.5166694720586141,0.0001,0.0,0.4790322580645161,"[0.19999999999999996, 0.7580645161290323]",0.1,0.14037204234122042,"[0.0136986301369863, 0.26704545454545453]",0.0,valid
0.6294681778552746,"[0.7297297297297297, 0.5292066259808196]",0.0,4.0,0.5128179969994918,0.0,[56],26.0,0.0,0.2297543496383142,"[0.054878048780487666, 0.4046306504961407]",0.0,0.5128179969994918,0.0001,0.0,0.5844229805458108,"[0.3829787234042553, 0.7858672376873662]",0.1,0.15100698139635244,"[0.029556650246305417, 0.27245731254639943]",0.0,train
0.6183333333333333,"[0.7433333333333333, 0.49333333333333335]",0.0,4.0,0.5356431007385254,0.0,[56],26.0,0.0,0.17932489451476766,"[0.02531645569620239, 0.3333333333333329]",0.0,0.5356431007385254,0.0001,0.0,0.4487179487179487,"[0.16666666666666663, 0.7307692307692307]",0.1,0.1148038605230386,"[0.0136986301369863, 0.2159090909090909]",0.0,valid
0.6346992153443767,"[0.7310374891020053, 0.5383609415867481]",0.0,4.0,0.5154481335826542,0.0,[56],27.0,0.0,0.22750091239245865,"[0.025276461295418568, 0.42972536348949875]",0.0,0.5154481335826542,0.0001,0.0,0.557843137254902,"[0.3333333333333333, 0.7823529411764706]",0.1,0.15467504873080481,"[0.013136288998357963, 0.2962138084632517]",0.0,train
0.635,"[0.76, 0.51]",0.0,4.0,0.5246335764726003,0.0,[56],27.0,0.0,0.23093015770840014,"[0.0769230769230768, 0.38493723849372347]",0.0,0.5246335764726003,0.0001,0.0,0.6650793650793649,"[0.5999999999999999, 0.7301587301587301]",0.1,0.15122976338729763,"[0.0410958904109589, 0.26136363636363635]",0.0,valid
0.6388404533565823,"[0.7319093286835222, 0.5457715780296426]",0.0,4.0,0.5132421462432198,0.0,[56],28.0,0.0,0.24921685654460593,"[0.0610687022900762, 0.43736501079913565]",0.0,0.5132421462432198,0.0001,0.0,0.6183814033577271,"[0.43478260869565216, 0.801980198019802]",0.1,0.1667544369717782,"[0.03284072249589491, 0.30066815144766146]",0.0,train
0.6316666666666666,"[0.7533333333333333, 0.51]",0.0,4.0,0.513794074455897,0.0,[56],28.0,0.0,0.20303131245836084,"[0.026315789473684133, 0.37974683544303756]",0.0,0.513794074455897,0.0001,0.0,0.53551912568306,"[0.33333333333333326, 0.7377049180327869]",0.1,0.13469022415940224,"[0.0136986301369863, 0.2556818181818182]",0.0,valid
0.6436355710549259,"[0.7319093286835222, 0.5553618134263295]",0.0,4.0,0.5127338663391445,0.0,[56],29.0,0.0,0.25341454411221825,"[0.04651162790697664, 0.46031746031745985]",0.0,0.5127338663391445,0.0001,0.0,0.6088858195211786,"[0.4166666666666667, 0.8011049723756906]",0.1,0.17378520412081583,"[0.024630541871921183, 0.32293986636971045]",0.0,train
0.6166666666666667,"[0.7466666666666667, 0.4866666666666667]",0.0,4.0,0.5319403409957886,0.0,[56],29.0,0.0,0.16597366597366572,"[0.02564102564102552, 0.30630630630630595]",0.0,0.5319403409957886,0.0001,0.0,0.4695652173913043,"[0.19999999999999996, 0.7391304347826086]",0.1,0.10344022415940224,"[0.0136986301369863, 0.19318181818181818]",0.0,valid
0.6394943330427202,"[0.7310374891020053, 0.5479511769834351]",0.0,4.0,0.515965575757234,0.0,[56],30.0,0.0,0.2407046630390682,"[0.0374414976599063, 0.4439678284182301]",0.0,0.515965575757234,0.0001,0.0,0.5871138996138996,"[0.375, 0.7992277992277992]",0.1,0.16352704971090654,"[0.019704433497536946, 0.30734966592427615]",0.0,train
0.6283333333333334,"[0.75, 0.5066666666666667]",0.0,4.0,0.5389299591382345,0.0,[56],30.0,0.0,0.19402149574563346,"[0.02597402597402587, 0.36206896551724105]",0.0,0.5389299591382345,0.0001,0.0,0.5,"[0.24999999999999994, 0.75]",0.1,0.12616749688667497,"[0.0136986301369863, 0.23863636363636365]",0.0,valid
0.6379686137750654,"[0.7332170880557978, 0.5427201394943331]",0.0,4.0,0.5119627636411915,0.0,[56],31.0,0.0,0.2382081530557055,"[0.04374999999999991, 0.4326663061114111]",0.0,0.5119627636411915,0.0001,0.0,0.6242128261148953,"[0.45161290322580644, 0.796812749003984]",0.1,0.15997235235388985,"[0.022988505747126436, 0.2969561989606533]",0.0,train
0.6183333333333333,"[0.74, 0.49666666666666665]",0.0,4.0,0.5235454042752584,0.0,[56],31.0,0.0,0.17872340425531896,"[0.0, 0.3574468085106379]",0.0,0.5235454042752584,0.0001,0.0,0.3559322033898305,"[0.0, 0.711864406779661]",0.1,0.11931818181818182,"[0.0, 0.23863636363636365]",0.0,valid
0.6344812554489974,"[0.7336530078465562, 0.5353095030514385]",0.0,4.0,0.5125515733076178,0.0,[56],32.0,0.0,0.23731103600195036,"[0.052713178294573546, 0.42190889370932716]",0.0,0.5125515733076178,0.0001,0.0,0.6274591996422982,"[0.4722222222222222, 0.7826961770623743]",0.1,0.15835225880537301,"[0.027914614121510674, 0.28878990348923533]",0.0,train
0.625,"[0.7466666666666667, 0.5033333333333333]",0.0,4.0,0.5302804907162985,0.0,[56],32.0,0.0,0.1968061674008808,"[0.04999999999999984, 0.3436123348017618]",0.0,0.5302804907162985,0.0001,0.0,0.5252100840336134,"[0.2857142857142857, 0.7647058823529411]",0.1,0.12449408468244084,"[0.0273972602739726, 0.2215909090909091]",0.0,valid
0.6410200523103748,"[0.7292938099389712, 0.5527462946817786]",0.0,4.0,0.5108338063177855,0.0,[56],33.0,0.0,0.2430944470811578,"[0.03720930232558129, 0.4489795918367343]",0.0,0.5108338063177855,0.0001,0.0,0.5724919093851133,"[0.3333333333333333, 0.8116504854368932]",0.1,0.16501183070570982,"[0.019704433497536946, 0.3103192279138827]",0.0,train
0.61,"[0.74, 0.48]",0.0,4.0,0.525991290807724,0.0,[56],33.0,0.0,0.18525980911983006,"[0.04878048780487785, 0.32173913043478225]",0.0,0.525991290807724,0.0001,0.0,0.4537037037037037,"[0.22222222222222218, 0.6851851851851852]",0.1,0.11881226650062267,"[0.0273972602739726, 0.21022727272727273]",0.0,valid
0.6357890148212729,"[0.7332170880557978, 0.5383609415867481]",0.0,4.0,0.5109743346338687,0.0,[56],34.0,0.0,0.23612216675661066,"[0.04374999999999991, 0.4284943335132214]",0.0,0.5109743346338687,0.0001,0.0,0.6180989417314803,"[0.45161290322580644, 0.7845849802371542]",0.1,0.15885876660778742,"[0.022988505747126436, 0.2947290274684484]",0.0,train
0.6366666666666667,"[0.7366666666666667, 0.5366666666666666]",0.0,4.0,0.5316173434257507,0.0,[56],34.0,0.0,0.22396393627375616,"[0.024691358024691176, 0.42323651452282113]",0.0,0.5316173434257507,0.0001,0.0,0.4548076923076923,"[0.12499999999999997, 0.7846153846153846]",0.1,0.1517356787048568,"[0.0136986301369863, 0.2897727272727273]",0.0,valid
0.6447253705318221,"[0.7306015693112468, 0.5588491717523976]",0.0,4.0,0.5114807538364244,0.0,[56],35.0,0.0,0.2618039637365748,"[0.05792682926829255, 0.465681098204857]",0.0,0.5114807538364244,0.0001,0.0,0.6052355206347971,"[0.40425531914893614, 0.8062157221206582]",0.1,0.17929644786261023,"[0.031198686371100164, 0.3273942093541203]",0.0,train
0.625,"[0.7433333333333333, 0.5066666666666667]",0.0,4.0,0.5185446341832479,0.0,[56],35.0,0.0,0.18376068376068358,"[0.0, 0.36752136752136716]",0.0,0.5185446341832479,0.0001,0.0,0.3706896551724138,"[0.0, 0.7413793103448276]",0.1,0.12215909090909091,"[0.0, 0.24431818181818182]",0.0,valid
0.6392763731473409,"[0.7275501307759372, 0.5510026155187445]",0.0,4.0,0.5150126594564189,0.0,[56],36.0,0.0,0.24838050749523882,"[0.04580152671755712, 0.45095948827292054]",0.0,0.5150126594564189,0.0001,0.0,0.5628544423440454,"[0.32608695652173914, 0.7996219281663516]",0.1,0.16933086113640602,"[0.024630541871921183, 0.31403118040089084]",0.0,train
0.625,"[0.7433333333333333, 0.5066666666666667]",0.0,4.0,0.5324965119361877,0.0,[56],36.0,0.0,0.21635802469135773,"[0.04938271604938253, 0.3833333333333329]",0.0,0.5324965119361877,0.0001,0.0,0.484375,"[0.24999999999999994, 0.71875]",0.1,0.14438044831880448,"[0.0273972602739726, 0.26136363636363635]",0.0,valid
0.6416739319965127,"[0.7284219703574543, 0.5549258936355711]",0.0,4.0,0.5108004056889078,0.0,[56],37.0,0.0,0.24332772201093145,"[0.03410852713178284, 0.45254691689008003]",0.0,0.5108004056889078,0.0001,0.0,0.5601136851136852,"[0.3055555555555556, 0.8146718146718147]",0.1,0.1656755936381157,"[0.0180623973727422, 0.31328878990348924]",0.0,train
0.6183333333333334,"[0.7466666666666667, 0.49]",0.0,4.0,0.5250281393527985,0.0,[56],37.0,0.0,0.18449433256300182,"[0.02564102564102552, 0.34334763948497815]",0.0,0.5250281393527985,0.0001,0.0,0.4508771929824561,"[0.19999999999999996, 0.7017543859649122]",0.1,0.12048567870485678,"[0.0136986301369863, 0.22727272727272727]",0.0,valid
0.652353966870096,"[0.7297297297297297, 0.5749782040104621]",0.0,4.0,0.5107716529265695,0.0,[56],38.0,0.0,0.26651922585590154,"[0.031249999999999913, 0.5017884517118032]",0.0,0.5107716529265695,0.0001,0.0,0.5637493389740877,"[0.3225806451612903, 0.8049180327868852]",0.1,0.19046704773607467,"[0.016420361247947456, 0.3645137342242019]",0.0,train
0.63,"[0.7433333333333333, 0.5166666666666667]",0.0,4.0,0.5292912920316061,0.0,[56],38.0,0.0,0.21430431838308037,"[0.02531645569620239, 0.40329218106995834]",0.0,0.5292912920316061,0.0001,0.0,0.4490049751243781,"[0.16666666666666663, 0.7313432835820896]",0.1,0.1460538605230386,"[0.0136986301369863, 0.2784090909090909]",0.0,valid
0.6451612903225806,"[0.7301656495204882, 0.560156931124673]",0.0,4.0,0.5100924787314042,0.0,[56],39.0,0.0,0.25889144476693976,"[0.04031007751937974, 0.47747281201449976]",0.0,0.5100924787314042,0.0001,0.0,0.5752473363774734,"[0.3611111111111111, 0.7893835616438356]",0.1,0.1817942444622423,"[0.021346469622331693, 0.3422420193021529]",0.0,train
0.6266666666666667,"[0.7366666666666667, 0.5166666666666667]",0.0,4.0,0.5245923002560934,0.0,[56],39.0,0.0,0.20899839867761733,"[0.024691358024691176, 0.39330543933054346]",0.0,0.5245923002560934,0.0001,0.0,0.435515873015873,"[0.12499999999999997, 0.746031746031746]",0.1,0.14037204234122042,"[0.0136986301369863, 0.26704545454545453]",0.0,valid
0.6401482127288579,"[0.7258064516129032, 0.5544899738448126]",0.0,4.0,0.515046486388082,0.0,[56],40.0,0.0,0.2681542876345956,"[0.07363770250368169, 0.4626708727655095]",0.0,0.515046486388082,0.0001,0.0,0.574967824967825,"[0.35714285714285715, 0.7927927927927928]",0.1,0.18385136098829363,"[0.041050903119868636, 0.3266518188567186]",0.0,train
0.6233333333333333,"[0.74, 0.5066666666666667]",0.0,4.0,0.5274417797724406,0.0,[56],40.0,0.0,0.18376068376068358,"[0.0, 0.36752136752136716]",0.0,0.5274417797724406,0.0001,0.0,0.3706896551724138,"[0.0, 0.7413793103448276]",0.1,0.12215909090909091,"[0.0, 0.24431818181818182]",0.0,valid
0.6408020924149956,"[0.7349607672188317, 0.5466434176111595]",0.0,4.0,0.5129591809666675,0.0,[56],41.0,0.0,0.24939147903239284,"[0.0646153846153845, 0.43416757344940116]",0.0,0.5129591809666675,0.0001,0.0,0.6624112065967911,"[0.5121951219512195, 0.8126272912423625]",0.1,0.16534828354197068,"[0.034482758620689655, 0.2962138084632517]",0.0,train
0.6216666666666667,"[0.75, 0.49333333333333335]",0.0,4.0,0.5237553914388021,0.0,[56],41.0,0.0,0.20328255739111756,"[0.050632911392404924, 0.35593220338983017]",0.0,0.5237553914388021,0.0001,0.0,0.5166666666666666,"[0.33333333333333326, 0.7]",0.1,0.13301681195516812,"[0.0273972602739726, 0.23863636363636365]",0.0,valid
0.6471229293809939,"[0.7284219703574543, 0.5658238884045336]",0.0,4.0,0.5107315208600915,0.0,[56],42.0,0.0,0.26799081768225064,"[0.048854961832060936, 0.4871266735324403]",0.0,0.5107315208600915,0.0001,0.0,0.5713920350748996,"[0.34782608695652173, 0.7949579831932773]",0.1,0.18871164163384424,"[0.026272577996715927, 0.35115070527097253]",0.0,train
0.6383333333333333,"[0.7433333333333333, 0.5333333333333333]",0.0,4.0,0.5195117692152659,0.0,[56],42.0,0.0,0.22340202950099355,"[0.02531645569620239, 0.4214876033057847]",0.0,0.5195117692152659,0.0001,0.0,0.46969696969696967,"[0.16666666666666663, 0.7727272727272727]",0.1,0.1517356787048568,"[0.0136986301369863, 0.2897727272727273]",0.0,valid
0.6418918918918919,"[0.7284219703574543, 0.5553618134263295]",0.0,4.0,0.5086129450279734,0.0,[56],43.0,0.0,0.2534150789938207,"[0.05462822458270091, 0.45220193340494047]",0.0,0.5086129450279734,0.0001,0.0,0.5887378640776699,"[0.36, 0.8174757281553398]",0.1,0.1710515248261965,"[0.029556650246305417, 0.3125463994060876]",0.0,train
0.6233333333333333,"[0.7466666666666667, 0.5]",0.0,4.0,0.5242299636205038,0.0,[56],43.0,0.0,0.19230769230769204,"[0.02564102564102552, 0.3589743589743586]",0.0,0.5242299636205038,0.0001,0.0,0.46206896551724136,"[0.19999999999999996, 0.7241379310344828]",0.1,0.12616749688667497,"[0.0136986301369863, 0.23863636363636365]",0.0,valid
0.6464690496948562,"[0.7327811682650393, 0.560156931124673]",0.0,4.0,0.5124113831831061,0.0,[56],44.0,0.0,0.25363247384759796,"[0.0436817472698907, 0.46358320042530526]",0.0,0.5124113831831061,0.0001,0.0,0.6269897003745318,"[0.4375, 0.8164794007490637]",0.1,0.17333538130711929,"[0.022988505747126436, 0.3236822568671121]",0.0,train
0.64,"[0.76, 0.52]",0.0,4.0,0.5282154679298401,0.0,[56],44.0,0.0,0.23363286264441568,"[0.05263157894736834, 0.414634146341463]",0.0,0.5282154679298401,0.0001,0.0,0.6976190476190476,"[0.6666666666666665, 0.7285714285714285]",0.1,0.15858499377334995,"[0.0273972602739726, 0.2897727272727273]",0.0,valid
0.6447253705318221,"[0.7297297297297297, 0.5597210113339146]",0.0,4.0,0.5073201902534651,0.0,[56],45.0,0.0,0.24774591040219968,"[0.02208201892744472, 0.47340980187695464]",0.0,0.5073201902534651,0.0001,0.0,0.5375481611208406,"[0.28, 0.7950963222416813]",0.1,0.17426976934695235,"[0.011494252873563218, 0.3370452858203415]",0.0,train
0.6283333333333334,"[0.7466666666666667, 0.51]",0.0,4.0,0.5258624454339346,0.0,[56],45.0,0.0,0.1818181818181816,"[0.0, 0.3636363636363632]",0.0,0.5258624454339346,0.0001,0.0,0.38181818181818183,"[0.0, 0.7636363636363637]",0.1,0.11931818181818182,"[0.0, 0.23863636363636365]",0.0,valid
0.6438535309503052,"[0.7332170880557978, 0.5544899738448126]",0.0,4.0,0.511188435813655,0.0,[56],46.0,0.0,0.26345201876965885,"[0.06707317073170718, 0.45983086680761054]",0.0,0.511188435813655,0.0001,0.0,0.6331251219988288,"[0.46808510638297873, 0.7981651376146789]",0.1,0.17953233055759743,"[0.0361247947454844, 0.32293986636971045]",0.0,train
0.6433333333333333,"[0.76, 0.5266666666666666]",0.0,4.0,0.5208795468012491,0.0,[56],46.0,0.0,0.2541666666666664,"[0.09999999999999984, 0.4083333333333329]",0.0,0.5208795468012491,0.0001,0.0,0.6685267857142857,"[0.5714285714285714, 0.765625]",0.1,0.16660180572851804,"[0.0547945205479452, 0.2784090909090909]",0.0,valid
0.6495204882301656,"[0.7297297297297297, 0.5693112467306015]",0.0,4.0,0.5122624700484069,0.0,[56],47.0,0.0,0.27007744336325434,"[0.043209876543209756, 0.49694501018329895]",0.0,0.5122624700484069,0.0001,0.0,0.5749490919669201,"[0.358974358974359, 0.7909238249594813]",0.1,0.19263753423956176,"[0.022988505747126436, 0.36228656273199705]",0.0,train
0.6183333333333333,"[0.74, 0.49666666666666665]",0.0,4.0,0.5311519503593445,0.0,[56],47.0,0.0,0.1912234042553189,"[0.024999999999999842, 0.3574468085106379]",0.0,0.5311519503593445,0.0001,0.0,0.42736077481840196,"[0.14285714285714285, 0.711864406779661]",0.1,0.12616749688667497,"[0.0136986301369863, 0.23863636363636365]",0.0,valid
0.6486486486486487,"[0.7275501307759372, 0.56974716652136]",0.0,4.0,0.509081685024759,0.0,[56],48.0,0.0,0.2658408101335256,"[0.04870624048706226, 0.482975379779989]",0.0,0.509081685024759,0.0001,0.0,0.5768090154211151,"[0.3333333333333333, 0.8202846975088968]",0.1,0.18425729864943444,"[0.026272577996715927, 0.3422420193021529]",0.0,train
0.6416666666666666,"[0.75, 0.5333333333333333]",0.0,4.0,0.5251119335492452,0.0,[56],48.0,0.0,0.2378917378917376,"[0.07407407407407389, 0.4017094017094013]",0.0,0.5251119335492452,0.0001,0.0,0.5926724137931034,"[0.37499999999999994, 0.8103448275862069]",0.1,0.15407067247820672,"[0.0410958904109589, 0.26704545454545453]",0.0,valid
0.6473408892763732,"[0.7310374891020053, 0.5636442894507411]",0.0,4.0,0.5111800082351851,0.0,[56],49.0,0.0,0.26692154284409647,"[0.052227342549923075, 0.4816157431382698]",0.0,0.5111800082351851,0.0001,0.0,0.6004973907371167,"[0.40476190476190477, 0.7962328767123288]",0.1,0.18656309770663507,"[0.027914614121510674, 0.34521158129175944]",0.0,train
0.625,"[0.7333333333333333, 0.5166666666666667]",0.0,4.0,0.5341862837473551,0.0,[56],49.0,0.0,0.19409282700421923,"[0.0, 0.38818565400843846]",0.0,0.5341862837473551,0.0001,0.0,0.3770491803278688,"[0.0, 0.7540983606557377]",0.1,0.13068181818181818,"[0.0, 0.26136363636363635]",0.0,valid
0.6416739319965126,"[0.7297297297297297, 0.5536181342632955]",0.0,4.0,0.5089310951854872,0.0,[56],50.0,0.0,0.25997568077821476,"[0.06060606060606047, 0.4593453009503691]",0.0,0.5089310951854872,0.0001,0.0,0.5937018317381797,"[0.39215686274509803, 0.7952468007312614]",0.1,0.1778902944328027,"[0.03284072249589491, 0.32293986636971045]",0.0,train
0.6283333333333334,"[0.74, 0.5166666666666667]",0.0,4.0,0.5305344263712565,0.0,[56],50.0,0.0,0.23979591836734662,"[0.07142857142857119, 0.40816326530612207]",0.0,0.5305344263712565,0.0001,0.0,0.4986824769433465,"[0.2727272727272727, 0.7246376811594203]",0.1,0.162593399750934,"[0.0410958904109589, 0.2840909090909091]",0.0,valid
0.6540976460331298,"[0.7271142109851787, 0.581081081081081]",0.0,4.0,0.5112897261329319,0.0,[56],51.0,0.0,0.2804003990956725,"[0.05438066465256782, 0.5064201335387771]",0.0,0.5112897261329319,0.0001,0.0,0.5806446540880503,"[0.33962264150943394, 0.8216666666666667]",0.1,0.1977775827326553,"[0.029556650246305417, 0.36599851521900517]",0.0,train
0.6133333333333333,"[0.74, 0.4866666666666667]",0.0,4.0,0.5352475245793661,0.0,[56],51.0,0.0,0.17771739130434758,"[0.024999999999999842, 0.3304347826086953]",0.0,0.5352475245793661,0.0001,0.0,0.42328042328042326,"[0.14285714285714285, 0.7037037037037037]",0.1,0.1148038605230386,"[0.0136986301369863, 0.2159090909090909]",0.0,valid
0.6455972101133391,"[0.7310374891020053, 0.560156931124673]",0.0,4.0,0.5119024217128754,0.0,[56],52.0,0.0,0.2634900377507552,"[0.052227342549923075, 0.4747527329515873]",0.0,0.5119024217128754,0.0001,0.0,0.5995934959349594,"[0.40476190476190477, 0.794425087108014]",0.1,0.18322234046832772,"[0.027914614121510674, 0.33853006681514475]",0.0,train
0.6233333333333333,"[0.7433333333333333, 0.5033333333333333]",0.0,4.0,0.532647947470347,0.0,[56],52.0,0.0,0.2244290971417046,"[0.0722891566265058, 0.37656903765690336]",0.0,0.532647947470347,0.0001,0.0,0.5071428571428571,"[0.29999999999999993, 0.7142857142857143]",0.1,0.14838885429638854,"[0.0410958904109589, 0.2556818181818182]",0.0,valid
0.6512641673931996,"[0.7340889276373147, 0.5684394071490846]",0.0,4.0,0.5059670935506406,0.0,[56],53.0,0.0,0.2742925468314067,"[0.06153846153846143, 0.4870466321243519]",0.0,0.5059670935506406,0.0001,0.0,0.6469899175835669,"[0.4878048780487805, 0.8061749571183533]",0.1,0.19088212813733127,"[0.03284072249589491, 0.3489235337787676]",0.0,train
0.6366666666666667,"[0.75, 0.5233333333333333]",0.0,4.0,0.5237043499946594,0.0,[56],53.0,0.0,0.20083682008368178,"[0.0, 0.40167364016736357]",0.0,0.5237043499946594,0.0001,0.0,0.38095238095238093,"[0.0, 0.7619047619047619]",0.1,0.13636363636363635,"[0.0, 0.2727272727272727]",0.0,valid
0.6473408892763732,"[0.7310374891020053, 0.5636442894507411]",0.0,4.0,0.5101356182409369,0.0,[56],54.0,0.0,0.2684662488923149,"[0.058015267175572385, 0.4789172306090574]",0.0,0.5101356182409369,0.0001,0.0,0.607218603241933,"[0.41304347826086957, 0.8013937282229965]",0.1,0.18634915758792575,"[0.031198686371100164, 0.3414996288047513]",0.0,train
0.6283333333333334,"[0.7466666666666667, 0.51]",0.0,4.0,0.5314116875330607,0.0,[56],54.0,0.0,0.21223404255319123,"[0.04999999999999984, 0.37446808510638263]",0.0,0.5314116875330607,0.0001,0.0,0.5157384987893463,"[0.2857142857142857, 0.7457627118644068]",0.1,0.1386986301369863,"[0.0273972602739726, 0.25]",0.0,valid
0.6503923278116827,"[0.7292938099389712, 0.5714908456843941]",0.0,4.0,0.5086709377558335,0.0,[56],55.0,0.0,0.278892535011745,"[0.06896551724137916, 0.4888195527821108]",0.0,0.5086709377558335,0.0001,0.0,0.6062619731800767,"[0.39655172413793105, 0.8159722222222222]",0.1,0.19334518232452338,"[0.03776683087027915, 0.3489235337787676]",0.0,train
0.6166666666666667,"[0.74, 0.49333333333333335]",0.0,4.0,0.5302891333897909,0.0,[56],55.0,0.0,0.1910569105691054,"[0.04878048780487785, 0.3333333333333329]",0.0,0.5302891333897909,0.0001,0.0,0.47649572649572647,"[0.22222222222222218, 0.7307692307692307]",0.1,0.12165317559153176,"[0.0273972602739726, 0.2159090909090909]",0.0,valid
0.6510462074978204,"[0.7297297297297297, 0.572362685265911]",0.0,4.0,0.505901451991952,0.0,[56],56.0,0.0,0.2726338295850488,"[0.054878048780487666, 0.4903896103896099]",0.0,0.505901451991952,0.0001,0.0,0.5997938599720238,"[0.3829787234042553, 0.8166089965397924]",0.1,0.18998248250993816,"[0.029556650246305417, 0.3504083147735709]",0.0,train
0.62,"[0.7366666666666667, 0.5033333333333333]",0.0,4.0,0.5307880441347758,0.0,[56],56.0,0.0,0.20975039398098694,"[0.04819277108433713, 0.37130801687763676]",0.0,0.5307880441347758,0.0001,0.0,0.460655737704918,"[0.19999999999999996, 0.7213114754098361]",0.1,0.1386986301369863,"[0.0273972602739726, 0.25]",0.0,valid
0.6499564080209241,"[0.7284219703574543, 0.5714908456843941]",0.0,4.0,0.5072548389434814,0.0,[56],57.0,0.0,0.27421299586098585,"[0.05748865355521921, 0.4909373381667525]",0.0,0.5072548389434814,0.0001,0.0,0.5885142255005269,"[0.36538461538461536, 0.8116438356164384]",0.1,0.19154589106973718,"[0.031198686371100164, 0.3518930957683742]",0.0,train
0.635,"[0.7366666666666667, 0.5333333333333333]",0.0,4.0,0.5288112759590149,0.0,[56],57.0,0.0,0.21822803195352183,"[0.024691358024691176, 0.4117647058823525]",0.0,0.5288112759590149,0.0001,0.0,0.4576612903225806,"[0.12499999999999997, 0.7903225806451613]",0.1,0.1460538605230386,"[0.0136986301369863, 0.2784090909090909]",0.0,valid
0.6486486486486487,"[0.7292938099389712, 0.5680034873583261]",0.0,4.0,0.5032984121986057,0.0,[56],58.0,0.0,0.2570513001610316,"[0.02204724409448811, 0.4920553562275751]",0.0,0.5032984121986057,0.0001,0.0,0.5319663779928681,"[0.2692307692307692, 0.7947019867549668]",0.1,0.18392084581317358,"[0.011494252873563218, 0.35634743875278396]",0.0,train
0.6266666666666667,"[0.74, 0.5133333333333333]",0.0,4.0,0.5351951718330383,0.0,[56],58.0,0.0,0.20577731092436943,"[0.024999999999999842, 0.386554621848739]",0.0,0.5351951718330383,0.0001,0.0,0.44239631336405527,"[0.14285714285714285, 0.7419354838709677]",0.1,0.13753113325031133,"[0.0136986301369863, 0.26136363636363635]",0.0,valid
0.652353966870096,"[0.7332170880557978, 0.5714908456843941]",0.0,4.0,0.5093823723171068,0.0,[56],59.0,0.0,0.2816144941305894,"[0.06707317073170718, 0.49615581752947163]",0.0,0.5093823723171068,0.0001,0.0,0.6347048048471184,"[0.46808510638297873, 0.8013245033112583]",0.1,0.19772089774393745,"[0.0361247947454844, 0.3593170007423905]",0.0,train
0.6166666666666667,"[0.74, 0.49333333333333335]",0.0,4.0,0.5291759272416433,0.0,[56],59.0,0.0,0.1724137931034481,"[0.0, 0.3448275862068962]",0.0,0.5291759272416433,0.0001,0.0,0.35714285714285715,"[0.0, 0.7142857142857143]",0.1,0.11363636363636363,"[0.0, 0.22727272727272727]",0.0,valid
0.6368788142981692,"[0.7284219703574543, 0.5453356582388841]",0.0,4.0,0.5107429597688757,0.0,[56],60.0,0.0,0.2412742529894766,"[0.03410852713178284, 0.44843997884717035]",0.0,0.5107429597688757,0.0001,0.0,0.542483660130719,"[0.3055555555555556, 0.7794117647058824]",0.1,0.16641798413551734,"[0.0180623973727422, 0.3147735708982925]",0.0,train
0.6266666666666667,"[0.7433333333333333, 0.51]",0.0,4.0,0.5326329867045084,0.0,[56],60.0,0.0,0.18723404255319132,"[0.0, 0.37446808510638263]",0.0,0.5326329867045084,0.0001,0.0,0.3728813559322034,"[0.0, 0.7457627118644068]",0.1,0.125,"[0.0, 0.25]",0.0,valid
0.6453792502179598,"[0.7292938099389712, 0.5614646904969486]",0.0,4.0,0.5103345241235651,0.0,[56],61.0,0.0,0.27443992802737166,"[0.07174887892376666, 0.47713097713097663]",0.0,0.5103345241235651,0.0001,0.0,0.5977469670710571,"[0.4, 0.7954939341421143]",0.1,0.19008305265121178,"[0.03940886699507389, 0.34075723830734966]",0.0,train
0.6366666666666667,"[0.7433333333333333, 0.53]",0.0,4.0,0.5277799367904663,0.0,[56],61.0,0.0,0.2272230035943113,"[0.04938271604938253, 0.40506329113924006]",0.0,0.5277799367904663,0.0001,0.0,0.5184426229508197,"[0.24999999999999994, 0.7868852459016393]",0.1,0.15006226650062265,"[0.0273972602739726, 0.2727272727272727]",0.0,valid
0.6545335658238884,"[0.7323452484742807, 0.576721883173496]",0.0,4.0,0.507773079302,0.0,[56],62.0,0.0,0.2788455624334658,"[0.05538461538461526, 0.5023065094823164]",0.0,0.507773079302,0.0001,0.0,0.6251413341947989,"[0.43902439024390244, 0.8112582781456954]",0.1,0.19666399698655287,"[0.029556650246305417, 0.3637713437268003]",0.0,train
0.6283333333333334,"[0.7366666666666667, 0.52]",0.0,4.0,0.5308564901351929,0.0,[56],62.0,0.0,0.2073170731707315,"[0.0, 0.414634146341463]",0.0,0.5308564901351929,0.0001,0.0,0.36428571428571427,"[0.0, 0.7285714285714285]",0.1,0.14488636363636365,"[0.0, 0.2897727272727273]",0.0,valid
0.6486486486486487,"[0.7306015693112468, 0.5666957279860506]",0.0,4.0,0.5092102237369703,0.0,[56],63.0,0.0,0.2693177089244502,"[0.04629629629629618, 0.49233912155260423]",0.0,0.5092102237369703,0.0001,0.0,0.5867430441898527,"[0.38461538461538464, 0.7888707037643208]",0.1,0.19123138080975421,"[0.024630541871921183, 0.3578322197475872]",0.0,train
0.62,"[0.7466666666666667, 0.49333333333333335]",0.0,4.0,0.5291660726070404,0.0,[56],63.0,0.0,0.18238573021181692,"[0.02564102564102552, 0.33913043478260835]",0.0,0.5291660726070404,0.0001,0.0,0.4611111111111111,"[0.19999999999999996, 0.7222222222222222]",0.1,0.1176447696139477,"[0.0136986301369863, 0.2215909090909091]",0.0,valid
0.6545335658238884,"[0.7340889276373147, 0.5749782040104621]",0.0,4.0,0.5020126324632893,0.0,[56],64.0,0.0,0.28012655724737956,"[0.06153846153846143, 0.4987146529562977]",0.0,0.5020126324632893,0.0001,0.0,0.6494208336732197,"[0.4878048780487805, 0.8110367892976589]",0.1,0.19645005686784353,"[0.03284072249589491, 0.36005939123979214]",0.0,train
0.6366666666666667,"[0.7366666666666667, 0.5366666666666666]",0.0,4.0,0.5218346913655599,0.0,[56],64.0,0.0,0.23330140646267047,"[0.04819277108433713, 0.41841004184100383]",0.0,0.5218346913655599,0.0001,0.0,0.4968253968253968,"[0.19999999999999996, 0.7936507936507936]",0.1,0.15574408468244086,"[0.0273972602739726, 0.2840909090909091]",0.0,valid
0.6466870095902354,"[0.7327811682650393, 0.5605928509154315]",0.0,4.0,0.5063575778318488,0.0,[56],65.0,0.0,0.27002807818817265,"[0.06125574272588043, 0.4788004136504649]",0.0,0.5063575778318488,0.0001,0.0,0.6216509214805637,"[0.45454545454545453, 0.7887563884156729]",0.1,0.18828376139642555,"[0.03284072249589491, 0.3437268002969562]",0.0,train
0.63,"[0.74, 0.52]",0.0,4.0,0.531452496846517,0.0,[56],65.0,0.0,0.19747899159663843,"[0.0, 0.39495798319327685]",0.0,0.531452496846517,0.0001,0.0,0.3790322580645161,"[0.0, 0.7580645161290323]",0.1,0.13352272727272727,"[0.0, 0.26704545454545453]",0.0,valid
0.6488666085440279,"[0.7301656495204882, 0.5675675675675675]",0.0,4.0,0.5071026942004329,0.0,[56],66.0,0.0,0.26943354004285874,"[0.049155145929339346, 0.48971193415637815]",0.0,0.5071026942004329,0.0001,0.0,0.5891361569753529,"[0.38095238095238093, 0.7973199329983249]",0.1,0.1898252273799467,"[0.026272577996715927, 0.35337787676317745]",0.0,train
0.6233333333333333,"[0.75, 0.49666666666666665]",0.0,4.0,0.5387600859006246,0.0,[56],66.0,0.0,0.20403985995152144,"[0.050632911392404924, 0.3574468085106379]",0.0,0.5387600859006246,0.0001,0.0,0.5225988700564972,"[0.33333333333333326, 0.711864406779661]",0.1,0.13301681195516812,"[0.0273972602739726, 0.23863636363636365]",0.0,valid
0.6560592850915432,"[0.7310374891020053, 0.581081081081081]",0.0,4.0,0.5058870432169541,0.0,[56],67.0,0.0,0.2779057226465571,"[0.04636785162287469, 0.5094435936702395]",0.0,0.5058870432169541,0.0001,0.0,0.605048159614723,"[0.39473684210526316, 0.815359477124183]",0.1,0.1975417000376681,"[0.024630541871921183, 0.370452858203415]",0.0,train
0.635,"[0.74, 0.53]",0.0,4.0,0.5309115250905355,0.0,[56],67.0,0.0,0.21249999999999972,"[0.024999999999999842, 0.3999999999999996]",0.0,0.5309115250905355,0.0001,0.0,0.46973365617433416,"[0.14285714285714285, 0.7966101694915254]",0.1,0.14037204234122042,"[0.0136986301369863, 0.26704545454545453]",0.0,valid
0.6547515257192676,"[0.7362685265911072, 0.5732345248474281]",0.0,4.0,0.5106975488040758,0.0,[56],68.0,0.0,0.2938681892830164,"[0.08748114630467557, 0.5002552322613573]",0.0,0.5106975488040758,0.0001,0.0,0.6688453159041394,"[0.5370370370370371, 0.8006535947712419]",0.1,0.20569519567292396,"[0.047619047619047616, 0.3637713437268003]",0.0,train
0.6233333333333333,"[0.75, 0.49666666666666665]",0.0,4.0,0.5290953119595846,0.0,[56],68.0,0.0,0.2263374485596705,"[0.07407407407407389, 0.3786008230452671]",0.0,0.5290953119595846,0.0001,0.0,0.5307835820895522,"[0.37499999999999994, 0.6865671641791045]",0.1,0.15122976338729763,"[0.0410958904109589, 0.26136363636363635]",0.0,valid
0.6543156059285091,"[0.7345248474280732, 0.574106364428945]",0.0,4.0,0.5027987075888593,0.0,[56],69.0,0.0,0.2879190047986368,"[0.07866868381240531, 0.4971693257848683]",0.0,0.5027987075888593,0.0001,0.0,0.6552013422818792,"[0.5, 0.8104026845637584]",0.1,0.20063377474482613,"[0.042692939244663386, 0.3585746102449889]",0.0,train
0.6433333333333333,"[0.7533333333333333, 0.5333333333333333]",0.0,4.0,0.5325890084107717,0.0,[56],69.0,0.0,0.24088983050847426,"[0.07499999999999983, 0.4067796610169487]",0.0,0.5325890084107717,0.0001,0.0,0.6142857142857143,"[0.4285714285714285, 0.8]",0.1,0.1569115815691158,"[0.0410958904109589, 0.2727272727272727]",0.0,valid
0.6562772449869224,"[0.7319093286835222, 0.5806451612903226]",0.0,4.0,0.5072209433369015,0.0,[56],70.0,0.0,0.2925665753188976,"[0.07796101949025472, 0.5071721311475406]",0.0,0.5072209433369015,0.0001,0.0,0.6332288401253918,"[0.4482758620689655, 0.8181818181818182]",0.1,0.20508811772923594,"[0.042692939244663386, 0.3674832962138085]",0.0,train
0.635,"[0.7566666666666667, 0.5133333333333333]",0.0,4.0,0.5323975880940756,0.0,[56],70.0,0.0,0.22865264964599843,"[0.07594936708860744, 0.3813559322033894]",0.0,0.5323975880940756,0.0001,0.0,0.625,"[0.49999999999999994, 0.75]",0.1,0.14838885429638854,"[0.0410958904109589, 0.2556818181818182]",0.0,valid
0.6501743679163035,"[0.7240627724498693, 0.5762859633827376]",0.0,4.0,0.5090063343877378,0.0,[56],71.0,0.0,0.2744119726935322,"[0.04524886877828039, 0.503575076608784]",0.0,0.5090063343877378,0.0001,0.0,0.5423258774322604,"[0.2777777777777778, 0.806873977086743]",0.1,0.1953145285454632,"[0.024630541871921183, 0.36599851521900517]",0.0,train
0.6399999999999999,"[0.7433333333333333, 0.5366666666666666]",0.0,4.0,0.5230722626050314,0.0,[56],71.0,0.0,0.21940928270042165,"[0.02531645569620239, 0.4135021097046409]",0.0,0.5230722626050314,0.0001,0.0,0.4849726775956284,"[0.16666666666666663, 0.8032786885245902]",0.1,0.1460538605230386,"[0.0136986301369863, 0.2784090909090909]",0.0,valid
0.6534437663469921,"[0.7292938099389712, 0.5775937227550131]",0.0,4.0,0.505204949689948,0.0,[56],72.0,0.0,0.2748886958538759,"[0.049004594180704304, 0.5007727975270474]",0.0,0.505204949689948,0.0001,0.0,0.5909090909090909,"[0.36363636363636365, 0.8181818181818182]",0.1,0.19353717986695484,"[0.026272577996715927, 0.36080178173719374]",0.0,train
0.635,"[0.7566666666666667, 0.5133333333333333]",0.0,4.0,0.5376501480738322,0.0,[56],72.0,0.0,0.23741690408357047,"[0.09876543209876525, 0.3760683760683757]",0.0,0.5376501480738322,0.0001,0.0,0.6293103448275861,"[0.4999999999999999, 0.7586206896551724]",0.1,0.1523972602739726,"[0.0547945205479452, 0.25]",0.0,valid
0.6517000871839582,"[0.7306015693112468, 0.5727986050566696]",0.0,4.0,0.5103293333364569,0.0,[56],73.0,0.0,0.2728927855332347,"[0.04629629629629618, 0.4994892747701732]",0.0,0.5103293333364569,0.0001,0.0,0.5924713584288053,"[0.38461538461538464, 0.8003273322422259]",0.1,0.19382974755065993,"[0.024630541871921183, 0.36302895322939865]",0.0,train
0.6333333333333333,"[0.74, 0.5266666666666666]",0.0,4.0,0.5256972710291544,0.0,[56],73.0,0.0,0.20908119658119634,"[0.024999999999999842, 0.3931623931623928]",0.0,0.5256972710291544,0.0001,0.0,0.46798029556650245,"[0.14285714285714285, 0.7931034482758621]",0.1,0.13753113325031133,"[0.0136986301369863, 0.26136363636363635]",0.0,valid
0.6462510897994769,"[0.7301656495204882, 0.5623365300784655]",0.0,4.0,0.5068190512449845,0.0,[56],74.0,0.0,0.2760900706968241,"[0.06917293233082691, 0.4830072090628213]",0.0,0.5068190512449845,0.0001,0.0,0.5994747899159664,"[0.4107142857142857, 0.788235294117647]",0.1,0.19297398707582258,"[0.03776683087027915, 0.348181143281366]",0.0,train
0.635,"[0.7533333333333333, 0.5166666666666667]",0.0,4.0,0.5316747625668844,0.0,[56],74.0,0.0,0.2197338526452448,"[0.051282051282051155, 0.38818565400843846]",0.0,0.5316747625668844,0.0001,0.0,0.5770491803278688,"[0.3999999999999999, 0.7540983606557377]",0.1,0.14438044831880448,"[0.0273972602739726, 0.26136363636363635]",0.0,valid
0.6431996512641673,"[0.7297297297297297, 0.5566695727986051]",0.0,4.0,0.5112158552460049,0.0,[56],75.0,0.0,0.27088394837731505,"[0.0662650602409637, 0.47550283651366637]",0.0,0.5112158552460049,0.0001,0.0,0.5893581081081081,"[0.4, 0.7787162162162162]",0.1,0.18918340702381867,"[0.0361247947454844, 0.3422420193021529]",0.0,train
0.6283333333333333,"[0.7533333333333333, 0.5033333333333333]",0.0,4.0,0.5331741372744242,0.0,[56],75.0,0.0,0.18783038381981132,"[0.026315789473684133, 0.3493449781659385]",0.0,0.5331741372744242,0.0001,0.0,0.5440251572327044,"[0.33333333333333326, 0.7547169811320755]",0.1,0.12048567870485678,"[0.0136986301369863, 0.22727272727272727]",0.0,valid
0.6506102877070619,"[0.7271142109851787, 0.574106364428945]",0.0,4.0,0.5042382828567339,0.0,[56],76.0,0.0,0.2639975768967653,"[0.033950617283950504, 0.49404453650958]",0.0,0.5042382828567339,0.0001,0.0,0.5494160519845451,"[0.28205128205128205, 0.8167808219178082]",0.1,0.1860913323166606,"[0.0180623973727422, 0.35412026726057905]",0.0,train
0.6366666666666667,"[0.76, 0.5133333333333333]",0.0,4.0,0.5282023549079895,0.0,[56],76.0,0.0,0.22913950456323312,"[0.0769230769230768, 0.3813559322033894]",0.0,0.5282023549079895,0.0001,0.0,0.6749999999999999,"[0.5999999999999999, 0.75]",0.1,0.14838885429638854,"[0.0410958904109589, 0.2556818181818182]",0.0,valid
0.6560592850915432,"[0.7327811682650393, 0.5793374019180471]",0.0,4.0,0.5058715913606726,0.0,[56],77.0,0.0,0.2850052571303492,"[0.06412213740458002, 0.5058883768561183]",0.0,0.5058715913606726,0.0001,0.0,0.635851628641125,"[0.45652173913043476, 0.8151815181518152]",0.1,0.20061183216854825,"[0.034482758620689655, 0.36674090571640683]",0.0,train
0.62,"[0.7433333333333333, 0.49666666666666665]",0.0,4.0,0.5345523357391357,0.0,[56],77.0,0.0,0.21486798256857187,"[0.0722891566265058, 0.3574468085106379]",0.0,0.5345523357391357,0.0001,0.0,0.5059322033898305,"[0.29999999999999993, 0.711864406779661]",0.1,0.13986612702366127,"[0.0410958904109589, 0.23863636363636365]",0.0,valid
0.647994768962511,"[0.7306015693112468, 0.565387968613775]",0.0,4.0,0.5115977227687836,0.0,[56],78.0,0.0,0.27630818694375814,"[0.06363636363636349, 0.4889800102511528]",0.0,0.5115977227687836,0.0001,0.0,0.6007499026100507,"[0.4117647058823529, 0.7897350993377483]",0.1,0.19430151294063436,"[0.034482758620689655, 0.35412026726057905]",0.0,train
0.6116666666666667,"[0.74, 0.48333333333333334]",0.0,4.0,0.5349271694819132,0.0,[56],78.0,0.0,0.19460300985988555,"[0.04878048780487785, 0.3404255319148932]",0.0,0.5349271694819132,0.0001,0.0,0.4500941619585687,"[0.22222222222222218, 0.6779661016949152]",0.1,0.12733499377334995,"[0.0273972602739726, 0.22727272727272727]",0.0,valid
0.6519180470793374,"[0.7306015693112468, 0.5732345248474281]",0.0,4.0,0.5087774668050848,0.0,[56],79.0,0.0,0.2761105064012851,"[0.0550458715596329, 0.4971751412429373]",0.0,0.5087774668050848,0.0001,0.0,0.6033333333333333,"[0.4, 0.8066666666666666]",0.1,0.19443682549434796,"[0.029556650246305417, 0.3593170007423905]",0.0,train
0.625,"[0.7366666666666667, 0.5133333333333333]",0.0,4.0,0.5324667493502299,0.0,[56],79.0,0.0,0.19495437466451931,"[0.024691358024691176, 0.36521739130434744]",0.0,0.5324667493502299,0.0001,0.0,0.4513888888888889,"[0.12499999999999997, 0.7777777777777778]",0.1,0.12616749688667497,"[0.0136986301369863, 0.23863636363636365]",0.0,valid
0.6534437663469921,"[0.7297297297297297, 0.5771578029642546]",0.0,4.0,0.5027019290820413,0.0,[56],80.0,0.0,0.27428187936459664,"[0.04907975460122686, 0.49948400412796645]",0.0,0.5027019290820413,0.0001,0.0,0.5955219769409357,"[0.37209302325581395, 0.8189509306260575]",0.1,0.19279478936955322,"[0.026272577996715927, 0.3593170007423905]",0.0,train
0.63,"[0.7433333333333333, 0.5166666666666667]",0.0,4.0,0.5272689263025919,0.0,[56],80.0,0.0,0.20931094751337292,"[0.02531645569620239, 0.39330543933054346]",0.0,0.5272689263025919,0.0001,0.0,0.45634920634920634,"[0.16666666666666663, 0.746031746031746]",0.1,0.14037204234122042,"[0.0136986301369863, 0.26704545454545453]",0.0,valid
0.6527898866608544,"[0.7288578901482128, 0.576721883173496]",0.0,4.0,0.5100519449814506,0.0,[56],81.0,0.0,0.2809573530094201,"[0.057575757575757426, 0.5043389484430828]",0.0,0.5100519449814506,0.0001,0.0,0.5898692810457516,"[0.37254901960784315, 0.8071895424836601]",0.1,0.1989697960437535,"[0.031198686371100164, 0.36674090571640683]",0.0,train
0.6383333333333333,"[0.7433333333333333, 0.5333333333333333]",0.0,4.0,0.5284441113471985,0.0,[56],81.0,0.0,0.21544715447154447,"[0.0, 0.43089430894308894]",0.0,0.5284441113471985,0.0001,0.0,0.37857142857142856,"[0.0, 0.7571428571428571]",0.1,0.15056818181818182,"[0.0, 0.30113636363636365]",0.0,valid
0.6547515257192676,"[0.7327811682650393, 0.576721883173496]",0.0,4.0,0.507125189770823,0.0,[56],82.0,0.0,0.2828642037656617,"[0.05837173579109051, 0.5073566717402329]",0.0,0.507125189770823,0.0001,0.0,0.6268315018315018,"[0.4523809523809524, 0.8012820512820513]",0.1,0.2011969675359584,"[0.031198686371100164, 0.3711952487008166]",0.0,train
0.645,"[0.7466666666666667, 0.5433333333333333]",0.0,4.0,0.531246026357015,0.0,[56],82.0,0.0,0.2262096341594247,"[0.02564102564102552, 0.4267782426778239]",0.0,0.531246026357015,0.0001,0.0,0.5047619047619047,"[0.19999999999999996, 0.8095238095238095]",0.1,0.1517356787048568,"[0.0136986301369863, 0.2897727272727273]",0.0,valid
0.6508282476024412,"[0.7323452484742807, 0.5693112467306015]",0.0,4.0,0.5093872598979784,0.0,[56],83.0,0.0,0.28318000594324166,"[0.07250755287009047, 0.4938524590163929]",0.0,0.5093872598979784,0.0001,0.0,0.6247622017776392,"[0.4528301886792453, 0.7966942148760331]",0.1,0.19862054337133056,"[0.03940886699507389, 0.3578322197475872]",0.0,train
0.6316666666666666,"[0.74, 0.5233333333333333]",0.0,4.0,0.5361861884593964,0.0,[56],83.0,0.0,0.20824468085106354,"[0.024999999999999842, 0.3914893617021272]",0.0,0.5361861884593964,0.0001,0.0,0.46125907990314774,"[0.14285714285714285, 0.7796610169491526]",0.1,0.13753113325031133,"[0.0136986301369863, 0.26136363636363635]",0.0,valid
0.6525719267654752,"[0.7353966870095903, 0.56974716652136]",0.0,4.0,0.5069238193657087,0.0,[56],84.0,0.0,0.293131044934315,"[0.09267563527653197, 0.49358645459209805]",0.0,0.5069238193657087,0.0001,0.0,0.6578349944629014,"[0.5166666666666667, 0.7990033222591362]",0.1,0.20399647455941136,"[0.05090311986863711, 0.3570898292501856]",0.0,train
0.62,"[0.73, 0.51]",0.0,4.0,0.5239718159039816,0.0,[56],84.0,0.0,0.19246861924686173,"[0.0, 0.38493723849372347]",0.0,0.5239718159039816,0.0001,0.0,0.36507936507936506,"[0.0, 0.7301587301587301]",0.1,0.13068181818181818,"[0.0, 0.26136363636363635]",0.0,valid
0.6497384481255449,"[0.7284219703574543, 0.5710549258936356]",0.0,4.0,0.5056760337041772,0.0,[56],85.0,0.0,0.27318188088639156,"[0.05462822458270091, 0.49173553719008223]",0.0,0.5056760337041772,0.0001,0.0,0.5840747028862479,"[0.36, 0.8081494057724957]",0.1,0.19146726350474144,"[0.029556650246305417, 0.35337787676317745]",0.0,train
0.6266666666666667,"[0.7333333333333333, 0.52]",0.0,4.0,0.5316576957702637,0.0,[56],85.0,0.0,0.22128851540616212,"[0.04761904761904739, 0.39495798319327685]",0.0,0.5316576957702637,0.0001,0.0,0.469941348973607,"[0.1818181818181818, 0.7580645161290323]",0.1,0.14722135740971357,"[0.0273972602739726, 0.26704545454545453]",0.0,valid
0.6493025283347864,"[0.7275501307759372, 0.5710549258936356]",0.0,4.0,0.5075418715891631,0.0,[56],86.0,0.0,0.2698143436056919,"[0.04580152671755712, 0.4938271604938267]",0.0,0.5075418715891631,0.0001,0.0,0.5650535285121259,"[0.32608695652173914, 0.8040201005025126]",0.1,0.19048899031235259,"[0.024630541871921183, 0.35634743875278396]",0.0,train
0.625,"[0.74, 0.51]",0.0,4.0,0.5241781075795492,0.0,[56],86.0,0.0,0.18723404255319132,"[0.0, 0.37446808510638263]",0.0,0.5241781075795492,0.0001,0.0,0.3728813559322034,"[0.0, 0.7457627118644068]",0.1,0.125,"[0.0, 0.25]",0.0,valid
0.6462510897994769,"[0.7301656495204882, 0.5623365300784655]",0.0,4.0,0.5077963030856588,0.0,[56],87.0,0.0,0.2615347038143361,"[0.04327666151468304, 0.47979274611398914]",0.0,0.5077963030856588,0.0001,0.0,0.5812945743432337,"[0.3684210526315789, 0.7941680960548885]",0.1,0.18335765302204132,"[0.022988505747126436, 0.3437268002969562]",0.0,train
0.6233333333333333,"[0.75, 0.49666666666666665]",0.0,4.0,0.5400411089261373,0.0,[56],87.0,0.0,0.20403985995152144,"[0.050632911392404924, 0.3574468085106379]",0.0,0.5400411089261373,0.0001,0.0,0.5225988700564972,"[0.33333333333333326, 0.711864406779661]",0.1,0.13301681195516812,"[0.0273972602739726, 0.23863636363636365]",0.0,valid
0.6595466434176112,"[0.7297297297297297, 0.5893635571054926]",0.0,4.0,0.50580593166144,0.0,[56],88.0,0.0,0.28272464546090054,"[0.04024767801857575, 0.5252016129032253]",0.0,0.50580593166144,0.0001,0.0,0.5846238703381561,"[0.35135135135135137, 0.8178963893249608]",0.1,0.20406595938429128,"[0.021346469622331693, 0.3867854491462509]",0.0,train
0.63,"[0.74, 0.52]",0.0,4.0,0.5241373578707377,0.0,[56],88.0,0.0,0.20480769230769202,"[0.024999999999999842, 0.3846153846153842]",0.0,0.5241373578707377,0.0001,0.0,0.45935960591133007,"[0.14285714285714285, 0.7758620689655172]",0.1,0.13469022415940224,"[0.0136986301369863, 0.2556818181818182]",0.0,valid
0.6595466434176112,"[0.7297297297297297, 0.5893635571054926]",0.0,4.0,0.5032184992147528,0.0,[56],89.0,0.0,0.28396618953295677,"[0.043209876543209756, 0.5247225025227038]",0.0,0.5032184992147528,0.0001,0.0,0.5889359983848172,"[0.358974358974359, 0.8188976377952756]",0.1,0.20451578219798788,"[0.022988505747126436, 0.3860430586488493]",0.0,train
0.6333333333333333,"[0.7433333333333333, 0.5233333333333333]",0.0,4.0,0.5311083793640137,0.0,[56],89.0,0.0,0.2109704641350208,"[0.02531645569620239, 0.3966244725738392]",0.0,0.5311083793640137,0.0001,0.0,0.46857923497267756,"[0.16666666666666663, 0.7704918032786885]",0.1,0.14037204234122042,"[0.0136986301369863, 0.26704545454545453]",0.0,valid
0.6521360069747166,"[0.7288578901482128, 0.5754141238012206]",0.0,4.0,0.508105747077776,0.0,[56],90.0,0.0,0.27629894145362066,"[0.04601226993865019, 0.5065856129685912]",0.0,0.508105747077776,0.0001,0.0,0.573142687585772,"[0.3488372093023256, 0.7974481658692185]",0.1,0.1979128952863689,"[0.024630541871921183, 0.3711952487008166]",0.0,train
0.635,"[0.74, 0.53]",0.0,4.0,0.5323894421259562,0.0,[56],90.0,0.0,0.21919543870763353,"[0.04878048780487785, 0.3896103896103892]",0.0,0.5323894421259562,0.0001,0.0,0.5202020202020202,"[0.22222222222222218, 0.8181818181818182]",0.1,0.1415395392278954,"[0.0273972602739726, 0.2556818181818182]",0.0,valid
0.6554054054054055,"[0.7310374891020053, 0.5797733217088056]",0.0,4.0,0.5071823143440745,0.0,[56],91.0,0.0,0.2883642055028717,"[0.06656580937972753, 0.5101626016260158]",0.0,0.5071823143440745,0.0001,0.0,0.6157252570296049,"[0.4230769230769231, 0.8083735909822867]",0.1,0.20440241222055217,"[0.0361247947454844, 0.3726800296956199]",0.0,train
0.63,"[0.74, 0.52]",0.0,4.0,0.5267383456230164,0.0,[56],91.0,0.0,0.20741525423728785,"[0.024999999999999842, 0.38983050847457584]",0.0,0.5267383456230164,0.0001,0.0,0.4547619047619048,"[0.14285714285714285, 0.7666666666666667]",0.1,0.13753113325031133,"[0.0136986301369863, 0.26136363636363635]",0.0,valid
0.6490845684394071,"[0.7297297297297297, 0.5684394071490846]",0.0,4.0,0.5084097113298334,0.0,[56],92.0,0.0,0.27202106773389684,"[0.054878048780487666, 0.48916408668730604]",0.0,0.5084097113298334,0.0001,0.0,0.5925045901285235,"[0.3829787234042553, 0.8020304568527918]",0.1,0.1907248730073398,"[0.029556650246305417, 0.3518930957683742]",0.0,train
0.6416666666666666,"[0.7566666666666667, 0.5266666666666666]",0.0,4.0,0.5205318331718445,0.0,[56],92.0,0.0,0.24699107698692646,"[0.07594936708860744, 0.4180327868852455]",0.0,0.5205318331718445,0.0001,0.0,0.625,"[0.49999999999999994, 0.75]",0.1,0.1654343088418431,"[0.0410958904109589, 0.2897727272727273]",0.0,valid
0.6571490845684393,"[0.7345248474280732, 0.5797733217088056]",0.0,4.0,0.5067151007444962,0.0,[56],93.0,0.0,0.2898561900889403,"[0.07305936073059348, 0.5066530194472871]",0.0,0.5067151007444962,0.0001,0.0,0.6577429983525536,"[0.5, 0.8154859967051071]",0.1,0.2034460816044412,"[0.03940886699507389, 0.3674832962138085]",0.0,train
0.64,"[0.7466666666666667, 0.5333333333333333]",0.0,4.0,0.5315698782602946,0.0,[56],93.0,0.0,0.23574380165289227,"[0.04999999999999984, 0.4214876033057847]",0.0,0.5315698782602946,0.0001,0.0,0.5292207792207793,"[0.2857142857142857, 0.7727272727272727]",0.1,0.15858499377334995,"[0.0273972602739726, 0.2897727272727273]",0.0,valid
0.6543156059285091,"[0.7314734088927637, 0.5771578029642546]",0.0,4.0,0.5073380807171697,0.0,[56],94.0,0.0,0.2735303279782828,"[0.04347826086956511, 0.5035823950870005]",0.0,0.5073380807171697,0.0001,0.0,0.6052718286655684,"[0.4, 0.8105436573311368]",0.1,0.19412231523436502,"[0.022988505747126436, 0.36525612472160357]",0.0,train
0.62,"[0.7333333333333333, 0.5066666666666667]",0.0,4.0,0.5377400716145834,0.0,[56],94.0,0.0,0.20640999798427706,"[0.024390243902438827, 0.3884297520661153]",0.0,0.5377400716145834,0.0001,0.0,0.4116161616161616,"[0.11111111111111109, 0.7121212121212122]",0.1,0.14037204234122042,"[0.0136986301369863, 0.26704545454545453]",0.0,valid
0.6588927637314734,"[0.7310374891020053, 0.5867480383609416]",0.0,4.0,0.5066078279329382,0.0,[56],95.0,0.0,0.29957175177763384,"[0.06938159879336336, 0.5297619047619043]",0.0,0.5066078279329382,0.0001,0.0,0.6120661019764159,"[0.42592592592592593, 0.7982062780269058]",0.1,0.21710167824137566,"[0.03776683087027915, 0.39643652561247217]",0.0,train
0.6283333333333333,"[0.7333333333333333, 0.5233333333333333]",0.0,4.0,0.5296019514401754,0.0,[56],95.0,0.0,0.20793980280228302,"[0.024390243902438827, 0.3914893617021272]",0.0,0.5296019514401754,0.0001,0.0,0.4453860640301318,"[0.11111111111111109, 0.7796610169491526]",0.1,0.13753113325031133,"[0.0136986301369863, 0.26136363636363635]",0.0,valid
0.657585004359198,"[0.7319093286835222, 0.5832606800348736]",0.0,4.0,0.5056826861008353,0.0,[56],96.0,0.0,0.2803209718750193,"[0.0405616224648985, 0.5200803212851401]",0.0,0.5056826861008353,0.0001,0.0,0.6046753875968992,"[0.40625, 0.8031007751937984]",0.1,0.20295237363818885,"[0.021346469622331693, 0.38455827765404604]",0.0,train
0.625,"[0.75, 0.5]",0.0,4.0,0.5313923756281534,0.0,[56],96.0,0.0,0.21376117496807123,"[0.07407407407407389, 0.35344827586206856]",0.0,0.5313923756281534,0.0001,0.0,0.5535714285714285,"[0.37499999999999994, 0.7321428571428571]",0.1,0.13702521793275219,"[0.0410958904109589, 0.23295454545454544]",0.0,valid
0.6545335658238884,"[0.7323452484742807, 0.576721883173496]",0.0,4.0,0.5050365976665331,0.0,[56],97.0,0.0,0.2794170459633183,"[0.06116207951070324, 0.49767201241593334]",0.0,0.5050365976665331,0.0001,0.0,0.6326317785362154,"[0.4444444444444444, 0.8208191126279863]",0.1,0.19496527587304027,"[0.03284072249589491, 0.3570898292501856]",0.0,train
0.6433333333333333,"[0.7433333333333333, 0.5433333333333333]",0.0,4.0,0.5255059202512106,0.0,[56],97.0,0.0,0.20851063829787211,"[0.0, 0.41702127659574423]",0.0,0.5255059202512106,0.0001,0.0,0.4152542372881356,"[0.0, 0.8305084745762712]",0.1,0.13920454545454544,"[0.0, 0.2784090909090909]",0.0,valid
0.6584568439407149,"[0.7362685265911072, 0.5806451612903226]",0.0,4.0,0.5024806986684385,0.0,[56],98.0,0.0,0.293578521469704,"[0.07350689127105654, 0.5136501516683514]",0.0,0.5024806986684385,0.0001,0.0,0.6752629304134851,"[0.5454545454545454, 0.8050713153724247]",0.1,0.2082716198375518,"[0.03940886699507389, 0.3771343726800297]",0.0,train
0.6316666666666666,"[0.7433333333333333, 0.52]",0.0,4.0,0.5218951304753622,0.0,[56],98.0,0.0,0.20231340026189412,"[0.02531645569620239, 0.37931034482758585]",0.0,0.5218951304753622,0.0001,0.0,0.47619047619047616,"[0.16666666666666663, 0.7857142857142857]",0.1,0.13184931506849315,"[0.0136986301369863, 0.25]",0.0,valid
0.6580209241499564,"[0.7336530078465562, 0.5823888404533566]",0.0,4.0,0.5052352366240128,0.0,[56],99.0,0.0,0.2836820769268337,"[0.05564142194744965, 0.5117227319062178]",0.0,0.5052352366240128,0.0001,0.0,0.6449721865639709,"[0.47368421052631576, 0.816260162601626]",0.1,0.20111833997096268,"[0.029556650246305417, 0.3726800296956199]",0.0,train
0.6166666666666667,"[0.7433333333333333, 0.49]",0.0,4.0,0.5356263120969137,0.0,[56],99.0,0.0,0.1925745458397328,"[0.02531645569620239, 0.3598326359832632]",0.0,0.5356263120969137,0.0001,0.0,0.4246031746031746,"[0.16666666666666663, 0.6825396825396826]",0.1,0.12900840597758406,"[0.0136986301369863, 0.24431818181818182]",0.0,valid
